epoch,total_train,total_val,total_gap_val_minus_train,recon_total_train,recon_total_val,recon_total_gap_val_minus_train,gan_total_train,gan_total_val,gan_total_gap_val_minus_train,final_l1_train,final_l1_val,final_l1_gap_val_minus_train,grad_train,grad_val,grad_gap_val_minus_train,shadow_removal_train,shadow_removal_val,shadow_removal_gap_val_minus_train,shadow_mask_train,shadow_mask_val,shadow_mask_gap_val_minus_train,shadow_penumbra_train,shadow_penumbra_val,shadow_penumbra_gap_val_minus_train,cloud_l1_train,cloud_l1_val,cloud_l1_gap_val_minus_train,cloud_kl_train,cloud_kl_val,cloud_kl_gap_val_minus_train,cloud_adv_train,cloud_adv_val,cloud_adv_gap_val_minus_train,feature_matching_train,feature_matching_val,feature_matching_gap_val_minus_train,perceptual_train,perceptual_val,perceptual_gap_val_minus_train,disc_total_train,disc_total_val,disc_total_gap_val_minus_train,disc_real_loss_train,disc_real_loss_val,disc_real_loss_gap_val_minus_train,disc_fake_loss_train,disc_fake_loss_val,disc_fake_loss_gap_val_minus_train,disc_real_gp_train,disc_real_gp_val,disc_real_gp_gap_val_minus_train
1,6.737669693949755,5.557401275092905,-1.1802684188568495,6.737669693949755,5.557401275092905,-1.1802684188568495,0.0,0.0,0.0,0.0,0.0,0.0,0.0,0.0,0.0,0.0,0.0,0.0,0.0,0.0,0.0,0.0,0.0,0.0,0.0673766967239547,0.0555740126662633,-0.011802684057691401,0.0,0.0,0.0,0.0,0.0,0.0,0.0,0.0,0.0,0.0,0.0,0.0,,,,,,,,,,,,
2,5.649891393264864,5.282557406208732,-0.3673339870561314,5.649891393264864,5.282557406208732,-0.3673339870561314,0.0,0.0,0.0,0.0,0.0,0.0,0.0,0.0,0.0,0.0,0.0,0.0,0.0,0.0,0.0,0.0,0.0,0.0,0.0564989138861679,0.0528255737047981,-0.0036733401813697983,0.0,0.0,0.0,0.0,0.0,0.0,0.0,0.0,0.0,0.0,0.0,0.0,,,,,,,,,,,,
3,5.334845441561591,5.005910721692172,-0.32893471986941947,5.334845441561591,5.005910721692172,-0.32893471986941947,0.0,0.0,0.0,0.0,0.0,0.0,0.0,0.0,0.0,0.0,0.0,0.0,0.0,0.0,0.0,0.0,0.0,0.0,0.0533484544730332,0.0500591066665947,-0.0032893478064384973,0.0,0.0,0.0,0.0,0.0,0.0,0.0,0.0,0.0,0.0,0.0,0.0,,,,,,,,,,,,
4,5.232428035969399,4.687610832127658,-0.5448172038417409,5.232428035969399,4.687610832127658,-0.5448172038417409,0.0,0.0,0.0,0.0,0.0,0.0,0.0,0.0,0.0,0.0,0.0,0.0,0.0,0.0,0.0,0.0,0.0,0.0,0.0523242803421498,0.0468761082738637,-0.0054481720682861,0.0,0.0,0.0,0.0,0.0,0.0,0.0,0.0,0.0,0.0,0.0,0.0,,,,,,,,,,,,
5,5.242949138723017,4.595728860660032,-0.647220278062985,5.134929742288152,4.488460687073794,-0.6464690552143582,0.1080194046487319,0.1072681939060037,-0.0007512107427282005,0.0,0.0,0.0,0.0,0.0,0.0,0.0,0.0,0.0,0.0,0.0,0.0,0.0,0.0,0.0,0.0507354067029027,0.0443033863874998,-0.006432020315402895,0.3836818047619741,0.3632630651647394,-0.020418739597234725,0.0,0.0,0.0,0.0,0.0,0.0,0.1800323336268419,0.1787803168831901,-0.0012520167436518015,,,,,,,,,,,,
6,5.257849489876984,4.773198054595427,-0.48465143528155696,5.0583510748836975,4.565311556512659,-0.4930395183710381,0.1994984075882748,0.2078865294514054,0.008388121863130593,0.0,0.0,0.0,0.0,0.0,0.0,0.0,0.0,0.0,0.0,0.0,0.0,0.0,0.0,0.0,0.04935496163751,0.0445074678017673,-0.004847493835742699,0.3839216306577764,0.3580149639059197,-0.02590666675185671,0.0,0.0,0.0,0.0,0.0,0.0,0.1662486656953435,0.1732387678613039,0.00699010216596041,,,,,,,,,,,,
7,5.298561821654666,5.404467674818906,0.10590585316423962,5.013973752293018,5.103634151545438,0.08966039925241986,0.2845880616376524,0.3008335253054445,0.016245463667792115,0.0,0.0,0.0,0.0,0.0,0.0,0.0,0.0,0.0,0.0,0.0,0.0,0.0,0.0,0.0,0.0483001383072739,0.0492735272273421,0.0009733889200682008,0.3832498360482195,0.3672529391267083,-0.015996896921511183,0.0,0.0,0.0,0.0,0.0,0.0,0.1581044828331251,0.1671297404576431,0.009025257624518002,,,,,,,,,,,,
8,5.376353711527787,4.972587412053889,-0.4037662994738982,5.005981732581369,4.578864295374263,-0.42711743720710604,0.3703719683743398,0.3937230945818804,0.023351126207540596,0.0,0.0,0.0,0.0,0.0,0.0,0.0,0.0,0.0,0.0,0.0,0.0,0.0,0.0,0.0,0.0476028562184503,0.0434986374298618,-0.0041042187885885,0.3839001741704591,0.3578134301033887,-0.0260867440670704,0.0,0.0,0.0,0.0,0.0,0.0,0.1543216474855529,0.1640512823465872,0.009729634861034286,,,,,,,,,,,,
9,5.428508721360373,5.166788640347394,-0.26172008101297894,4.980935747105776,4.70541865717281,-0.27551708993296575,0.447572985874768,0.4613699919798157,0.013797006105047693,0.0,0.0,0.0,0.0,0.0,0.0,0.0,0.0,0.0,0.0,0.0,0.0,0.0,0.0,0.0,0.0467372391521019,0.0441630311648954,-0.002574207987206499,0.3840147834669924,0.3613944693722508,-0.022620314094741634,0.0,0.0,0.0,0.0,0.0,0.0,0.1491909952839944,0.1537899983284825,0.004599003044488098,,,,,,,,,,,,
10,5.69920240410971,5.285841356624257,-0.413361047485453,5.047128891726152,4.721075345169414,-0.32605354655673846,0.6520735125202651,0.5647660123014991,-0.08730750021876599,0.0,0.0,0.0,0.0,0.0,0.0,0.0,0.0,0.0,0.0,0.0,0.0,0.0,0.0,0.0,0.0467891920278196,0.0437710419805212,-0.0030181500472983985,0.3835517574523202,0.3583033396439118,-0.025248417808408363,0.4866754809103975,0.0,-0.4866754809103975,0.1504327428131293,0.0,-0.1504327428131293,0.1482553577181578,0.1568794525651769,0.00862409484701912,1.3263762334435725,,,0.4847382470190707,,,0.7861584805931885,,,0.0554795036913359,,
11,6.013030319038881,5.281916916370392,-0.7311134026684893,5.151787538411785,4.640193091197447,-0.5115944472143381,0.8612428022269444,0.6417238370261409,-0.2195189652008035,0.0,0.0,0.0,0.0,0.0,0.0,0.0,0.0,0.0,0.0,0.0,0.0,0.0,0.0,0.0,0.0472195209359995,0.042392855933444,-0.004826665002555498,0.3837816315142022,0.3579531247642907,-0.025828506749911495,0.4892205631514208,0.0,-0.4892205631514208,0.1587368280737908,0.0,-0.1587368280737908,0.1461666054476838,0.1527913975614038,0.006624792113719996,1.2420747167108983,,,0.4663463720670169,,,0.7632514087978853,,,0.0124769341741725,,
12,6.1183707998433245,5.7510025609623305,-0.367368238880994,5.052884109887873,4.985739157958464,-0.06714495192940895,1.065486696973124,0.7652634251862764,-0.3002232717868476,0.0,0.0,0.0,0.0,0.0,0.0,0.0,0.0,0.0,0.0,0.0,0.0,0.0,0.0,0.0,0.045631114268157,0.0453436241315847,-0.0002874901365722965,0.3826349065026741,0.3526380742815407,-0.029996832221133418,0.5054204860411653,0.0,-0.5054204860411653,0.160187011146035,0.0,-0.160187011146035,0.1436089476747068,0.1594298738054931,0.015820926130786284,1.2112625394392451,,,0.4563530513088273,,,0.737392872845361,,,0.0175166180031943,,
13,6.38925399328226,5.407563458789479,-0.9816905344927811,5.10013733799669,4.596477974544872,-0.5036593634518187,1.2891166510020555,0.811085486615246,-0.4780311643868095,0.0,0.0,0.0,0.0,0.0,0.0,0.0,0.0,0.0,0.0,0.0,0.0,0.0,0.0,0.0,0.0454917652219169,0.0408711569299074,-0.004620608292009498,0.3826116623317065,0.3537238020111214,-0.0288878603205851,0.5133412428405306,0.0,-0.5133412428405306,0.1698910993743198,0.0,-0.1698910993743198,0.1410593779512683,0.1502010126344182,0.009141634683149907,1.1981103660863477,,,0.4474961261865925,,,0.7287612064351364,,,0.0218530347006856,,
14,6.627931991483822,5.333939053795555,-1.2939929376882677,5.119046749324974,4.451389935883609,-0.667656813441365,1.5088852352323152,0.8825490867549722,-0.626336148477343,0.0,0.0,0.0,0.0,0.0,0.0,0.0,0.0,0.0,0.0,0.0,0.0,0.0,0.0,0.0,0.045066317144656,0.0387458868578753,-0.006320430286780698,0.3827593869754663,0.3605007654563947,-0.022258621519071597,0.517437890673267,0.0,-0.517437890673267,0.1735329877340237,0.0,-0.1735329877340237,0.1395391965290639,0.1470915149389342,0.007552318409870279,1.1978559158628506,,,0.4450407820192681,,,0.7298362793725565,,,0.0229788503527003,,
15,6.915648113332392,5.740010299465873,-1.175637813866519,5.170812226216728,4.750362585891377,-0.4204496403253506,1.744835886751111,0.9896477247503672,-0.7551881620007437,0.0,0.0,0.0,0.0,0.0,0.0,0.0,0.0,0.0,0.0,0.0,0.0,0.0,0.0,0.0,0.0449622393007581,0.0412082718685269,-0.003753967432231199,0.38328880919229,0.3576905842531811,-0.025598224939108905,0.5234231021972972,0.0,-0.5234231021972972,0.1781761539125934,0.0,-0.1781761539125934,0.1393406642002796,0.1499466269531033,0.010605962752823689,1.1974611790902023,,,0.4474832940539089,,,0.7260059035334747,,,0.0239719843395077,,
16,7.082828642760577,5.580041652376002,-1.5027869903845756,5.146372943114068,4.538519756360487,-0.607853186753581,1.936455673945424,1.04152190414342,-0.8949337698020039,0.0,0.0,0.0,0.0,0.0,0.0,0.0,0.0,0.0,0.0,0.0,0.0,0.0,0.0,0.0,0.0441119868809568,0.0385250973261215,-0.0055868895548353,0.3829032606487974,0.3572968999770554,-0.025606360671742046,0.5204843499609454,0.0,-0.5204843499609454,0.1739273520360276,0.0,-0.1739273520360276,0.1379658352093777,0.1446558240039104,0.0066899887945326975,1.1964776034748883,,,0.4396377083722969,,,0.7298607845372016,,,0.0269791098473172,,
17,7.234971235286935,6.463586552576586,-0.771384682710349,5.139863524597355,5.32108753377741,0.1812240091800552,2.095107702304829,1.142499020153826,-0.9526086821510029,0.0,0.0,0.0,0.0,0.0,0.0,0.0,0.0,0.0,0.0,0.0,0.0,0.0,0.0,0.0,0.0434273356566097,0.0455835746304894,0.002156238973879697,0.3832355578649299,0.3666971698403358,-0.01653838802459412,0.5257447228883749,0.0,-0.5257447228883749,0.1642622891785035,0.0,-0.1642622891785035,0.1363459411062961,0.1464742296798662,0.010128288573570093,1.1870380656434856,,,0.4351229462601723,,,0.7266853478159016,,,0.0252297668563293,,
18,7.494199307322138,5.7808602831580425,-1.7133390241640951,5.2074736549949066,4.567363988269459,-0.6401096667254471,2.2867256670916847,1.2134962938725948,-1.0732293732190898,0.0,0.0,0.0,0.0,0.0,0.0,0.0,0.0,0.0,0.0,0.0,0.0,0.0,0.0,0.0,0.043512376372785,0.0376881456891582,-0.005824230683626801,0.3822482152634075,0.3564952920106324,-0.025752923252775117,0.5305626760564448,0.0,-0.5305626760564448,0.1622531805315627,0.0,-0.1622531805315627,0.1351545696297734,0.1444638507779349,0.009309281148161486,1.185593791693358,,,0.4333250705802112,,,0.7266496983143168,,,0.0256190236062608,,
19,7.762834061905514,6.139589103785428,-1.623244958120086,5.2708725200151445,4.843795364553278,-0.4270771554618662,2.491961540796705,1.2957937449894168,-1.1961677958072883,0.0,0.0,0.0,0.0,0.0,0.0,0.0,0.0,0.0,0.0,0.0,0.0,0.0,0.0,0.0,0.043520198229256,0.039911031151529,-0.003609167077727002,0.3828552863831184,0.3552884164858948,-0.027566869897223567,0.5292127280515997,0.0,-0.5292127280515997,0.1612512951557288,0.0,-0.1612512951557288,0.1355038432672118,0.1439770828001201,0.008473239532908294,1.179461660735104,,,0.4289418051549054,,,0.7235638386248084,,,0.0269560163309484,,
20,7.936616228990234,6.1893916509368205,-1.7472245780534132,5.2592938230672015,4.814452480186116,-0.44484134288108557,2.677322421963426,1.3749391267245463,-1.3023832952388799,0.0,0.0,0.0,0.0,0.0,0.0,0.0,0.0,0.0,0.0,0.0,0.0,0.0,0.0,0.0,0.0428334617024623,0.0389919149774042,-0.003841546725058098,0.3812295627247667,0.3575238453393632,-0.023705717385403502,0.5342477796548003,0.0,-0.5342477796548003,0.1583664213885362,0.0,-0.1583664213885362,0.1348663475991024,0.1432228198444301,0.008356472245327706,1.1743824460090848,,,0.4251246531166432,,,0.7217065129622772,,,0.0275512800376793,,
21,8.161303056489437,6.149219231172041,-2.0120838253173963,5.351656079656852,4.682049480351535,-0.6696065993053173,2.8096469815717926,1.4671697603030638,-1.3424772212687288,0.0,0.0,0.0,0.0,0.0,0.0,0.0,0.0,0.0,0.0,0.0,0.0,0.0,0.0,0.0,0.0431435701781912,0.0370700438718565,-0.006073526306334696,0.381359947748505,0.358472463759509,-0.022887483988996038,0.5318691450703764,0.0,-0.5318691450703764,0.1495219461266692,0.0,-0.1495219461266692,0.1342265594762035,0.1438401752066883,0.009613615730484804,1.176839199817144,,,0.4309058079114383,,,0.7181780592564049,,,0.0277553326457408,,
22,8.276769982200879,6.229021413759752,-2.0477485684411265,5.306369618173768,4.687883019447327,-0.6184865987264416,2.9704003631157248,1.541138384829868,-1.4292619782858567,0.0,0.0,0.0,0.0,0.0,0.0,0.0,0.0,0.0,0.0,0.0,0.0,0.0,0.0,0.0,0.0420873468679116,0.0365602556108073,-0.005527091257104301,0.3811232310460613,0.3582838140428066,-0.022839417003254647,0.5319725656910409,0.0,-0.5319725656910409,0.1453078909740079,0.0,-0.1453078909740079,0.1337029231820449,0.1426979954862459,0.00899507230420099,1.1796181633931782,,,0.4292392035781061,,,0.7217288501218918,,,0.0286501057258029,,
23,8.548028988211163,6.419753090901808,-2.128275897309355,5.416278083754607,4.825466871261597,-0.5908112124930103,3.13175091393497,1.5942862060937015,-1.5374647078412687,0.0,0.0,0.0,0.0,0.0,0.0,0.0,0.0,0.0,0.0,0.0,0.0,0.0,0.0,0.0,0.0425512949375019,0.0373862603763965,-0.005165034561105397,0.3819567727933236,0.3575134419582106,-0.024443330835112964,0.5302920077645451,0.0,-0.5302920077645451,0.1432875731464372,0.0,-0.1432875731464372,0.1321737102662933,0.1398496727713129,0.007675962505019618,1.1811968580298466,,,0.4272484704624257,,,0.7281378100224591,,,0.0258105779073802,,
24,8.6205429389207,6.501970068974928,-2.1185728699457718,5.402666205659918,4.793730632825331,-0.6089355728345875,3.2178767365417715,1.7082394354722716,-1.5096373010695,0.0,0.0,0.0,0.0,0.0,0.0,0.0,0.0,0.0,0.0,0.0,0.0,0.0,0.0,0.0,0.041779033643185,0.0365508172068406,-0.005228216436344399,0.3827383858165974,0.3558277657086199,-0.026910620107977512,0.5268153008244453,0.0,-0.5268153008244453,0.1334325289382209,0.0,-0.1334325289382209,0.1309862758178229,0.1423532856120304,0.011367009794207489,1.1768611500022608,,,0.4271546799108522,,,0.7240533266410186,,,0.0256531431492053,,
25,8.93418060092751,6.580782798203555,-2.353397802723955,5.524508779566587,4.758202634074471,-0.7663061454921163,3.409671806414193,1.822580143131993,-1.5870916632822,0.0,0.0,0.0,0.0,0.0,0.0,0.0,0.0,0.0,0.0,0.0,0.0,0.0,0.0,0.0,0.0424122217877423,0.0356249885040928,-0.006787233283649503,0.3819305494382111,0.3558642325753515,-0.026066316862859595,0.5238044910383516,0.0,-0.5238044910383516,0.1330934490137007,0.0,-0.1330934490137007,0.1317217204640035,0.1446492128412831,0.012927492377279609,1.1901251746609305,,,0.428909282117444,,,0.736457236771919,,,0.0247586573472685,,
26,9.034245887663024,7.0119707421822985,-2.0222751454807257,5.505136146457917,5.115486014973033,-0.3896501314848839,3.52910973500768,1.8964847522703083,-1.6326249827373718,0.0,0.0,0.0,0.0,0.0,0.0,0.0,0.0,0.0,0.0,0.0,0.0,0.0,0.0,0.0,0.0415913241855595,0.0384376900778575,-0.0031536341077019955,0.382387430797294,0.3612832288173112,-0.021104201979982806,0.5245626598414296,0.0,-0.5245626598414296,0.1275949273030601,0.0,-0.1275949273030601,0.1308738920006001,0.1436730896292085,0.0127991976286084,1.1812304571863343,,,0.4265306670822499,,,0.7326207252088308,,,0.0220790654613098,,
27,9.20838823522632,6.814077247272838,-2.3943109879534816,5.573363057699408,4.900393881581047,-0.6729691761183618,3.635025199035621,1.9136833880435336,-1.7213418109920875,0.0,0.0,0.0,0.0,0.0,0.0,0.0,0.0,0.0,0.0,0.0,0.0,0.0,0.0,0.0,0.0416869670579876,0.0358207865872166,-0.005866180470770997,0.3817028113005722,0.3582378249954093,-0.023464986305162916,0.5215343488465756,0.0,-0.5215343488465756,0.1223242134283031,0.0,-0.1223242134283031,0.129673685696238,0.1386727064593949,0.008999020763156895,1.183274597202966,,,0.4290849889545994,,,0.7316158959807242,,,0.0225737138433433,,
28,9.4724744321374,6.985676597465169,-2.486797834672231,5.653038371229026,4.964829824187539,-0.6882085470414872,3.8194360720272815,2.0208467651497237,-1.7985893068775578,0.0,0.0,0.0,0.0,0.0,0.0,0.0,0.0,0.0,0.0,0.0,0.0,0.0,0.0,0.0,0.0418257468724651,0.0359448988244614,-0.005880848048003699,0.3829332548179393,0.3568593554876067,-0.02607389933033255,0.5249105313684598,0.0,-0.5249105313684598,0.1226952148897613,0.0,-0.1226952148897613,0.129428155970865,0.1403365846384655,0.0109084286676005,1.185020199609459,,,0.4258209860197265,,,0.7370533872088161,,,0.0221458227887738,,
29,9.6429300264481,7.177503867582842,-2.4654261588652586,5.687697069360576,5.0662055665796455,-0.6214915027809305,3.9552329672950486,2.111298313195056,-1.8439346540999928,0.0,0.0,0.0,0.0,0.0,0.0,0.0,0.0,0.0,0.0,0.0,0.0,0.0,0.0,0.0,0.0416086573803096,0.0363421949600292,-0.005266462420280393,0.3817078280704101,0.3579965105110949,-0.023711317559315215,0.5224302534116517,0.0,-0.5224302534116517,0.120488470163914,0.0,-0.120488470163914,0.1284464556575733,0.1407532201741229,0.012306764516549606,1.1840723415762642,,,0.4266929590465096,,,0.7352913550645204,,,0.0220880297358669,,
30,9.65595749175512,7.40886492620815,-2.2470925655469696,5.650365727392541,5.216746628284454,-0.4336190991080864,4.005591760352481,2.192118340595202,-1.8134734197572793,0.0,0.0,0.0,0.0,0.0,0.0,0.0,0.0,0.0,0.0,0.0,0.0,0.0,0.0,0.0,0.041279004103524,0.0380373876118524,-0.003241616491671602,0.3806163261242963,0.3532519767230207,-0.02736434940127558,0.5225661244778823,0.0,-0.5225661244778823,0.1171466268097771,0.0,-0.1171466268097771,0.1279565242406789,0.1461412221701307,0.018184697929451793,1.1861028049699394,,,0.4279154416071166,,,0.7351619268593803,,,0.0230254355685597,,
31,9.684195404752678,6.923729148778048,-2.76046625597463,5.66491065477377,4.875669766556133,-0.7892408882176376,4.019284740500494,2.048059358515523,-1.9712253819849708,0.0,0.0,0.0,0.0,0.0,0.0,0.0,0.0,0.0,0.0,0.0,0.0,0.0,0.0,0.0,0.0414722533412391,0.0345329503655772,-0.0069393029756619,0.3794213244492125,0.3555936881087043,-0.023827636340508218,0.5140590870052303,0.0,-0.5140590870052303,0.1118680312033366,0.0,-0.1118680312033366,0.1277089538309005,0.1365372901359065,0.008828336305006013,1.1862137476238637,,,0.4264472242251084,,,0.7389630174053554,,,0.0208035074950506,,
32,9.702791547921093,7.066260522062128,-2.6365310258589645,5.58184575961635,4.967109539292076,-0.6147362203242741,4.120945773722564,2.0991509543223814,-2.0217948194001827,0.0,0.0,0.0,0.0,0.0,0.0,0.0,0.0,0.0,0.0,0.0,0.0,0.0,0.0,0.0,0.0405751550199879,0.0355321092700416,-0.0050430457499463024,0.3810825620404806,0.3534746667878194,-0.027607895252661163,0.5149609951889114,0.0,-0.5149609951889114,0.1122632196361045,0.0,-0.1122632196361045,0.1276637909062412,0.1399433978579261,0.012279606951684896,1.1913841886257908,,,0.426813626918224,,,0.7447575456505522,,,0.0198130135158139,,
33,9.790482846239655,7.087146639823914,-2.7033362064157416,5.575877621997751,5.050597635182467,-0.525279986815284,4.214605235907645,2.036549011414701,-2.178056224492944,0.0,0.0,0.0,0.0,0.0,0.0,0.0,0.0,0.0,0.0,0.0,0.0,0.0,0.0,0.0,0.0405328630409929,0.0362506852146576,-0.004282177826335297,0.3806478247183179,0.3563822795721618,-0.024265545146156087,0.5182540187959642,0.0,-0.5182540187959642,0.1127456764118113,0.0,-0.1127456764118113,0.1267676837058789,0.1357699338008057,0.009002250094926806,1.1876772829881137,,,0.4271699683199599,,,0.7413003411861735,,,0.0192069800482316,,
34,9.776710548167564,7.032099734653126,-2.744610813514438,5.547921103439564,4.916607894680717,-0.6313132087588471,4.228789445092554,2.115491822361946,-2.1132976227306077,0.0,0.0,0.0,0.0,0.0,0.0,0.0,0.0,0.0,0.0,0.0,0.0,0.0,0.0,0.0,0.040228964604255,0.0349091660146686,-0.005319798589586401,0.3812561641227944,0.3564228283410722,-0.0248333357817222,0.5138385793484679,0.0,-0.5138385793484679,0.1074832850862123,0.0,-0.1074832850862123,0.1271376591460602,0.141032788648524,0.013895129502463799,1.1963778610258655,,,0.4310829674067483,,,0.7457634802076065,,,0.0195314108525098,,
35,9.94597512866379,7.316663682460785,-2.6293114462030047,5.603917868494623,5.120143180543726,-0.4837746879508966,4.342057275115897,2.196520520204848,-2.1455367549110487,0.0,0.0,0.0,0.0,0.0,0.0,0.0,0.0,0.0,0.0,0.0,0.0,0.0,0.0,0.0,0.0408368623026558,0.0370181836187839,-0.0038186786838718956,0.3800579094832096,0.3545811884105205,-0.025476721072689112,0.5149888980005859,0.0,-0.5149888980005859,0.110042418193767,0.0,-0.110042418193767,0.1256254952662946,0.1464347013018348,0.020809206035540206,1.186911096995759,,,0.42643888672922,,,0.7397079973592671,,,0.0207642142462262,,
36,9.975949070140128,7.025821387767792,-2.9501276823723366,5.587017003184794,5.003593601963737,-0.5834234012210571,4.388932085183053,2.0222277837720783,-2.3667043014109748,0.0,0.0,0.0,0.0,0.0,0.0,0.0,0.0,0.0,0.0,0.0,0.0,0.0,0.0,0.0,0.0406603481996496,0.0358957609119401,-0.004764587287709503,0.3802455456796407,0.3535043708980083,-0.026741174781632404,0.5136432621274883,0.0,-0.5136432621274883,0.1068019093945622,0.0,-0.1068019093945622,0.1262154298113938,0.1348151860081336,0.008599756196739805,1.191217607861265,,,0.4260073032583301,,,0.7458601634072237,,,0.0193501412448407,,
37,9.880741483939168,6.997580636631358,-2.88316084730781,5.481466270003479,4.956503819335591,-0.5249624506678883,4.399275197895295,2.04107685319402,-2.358198344701275,0.0,0.0,0.0,0.0,0.0,0.0,0.0,0.0,0.0,0.0,0.0,0.0,0.0,0.0,0.0,0.0396098806109814,0.0353164979553019,-0.004293382655679495,0.3801195558149151,0.3562135022472251,-0.02390605356768999,0.5134831345682844,0.0,-0.5134831345682844,0.1024222844493908,0.0,-0.1024222844493908,0.1258672576978666,0.1360717894170772,0.010204531719210597,1.193423338074932,,,0.4284497792932236,,,0.7472679153859433,,,0.0177056474792016,,
38,10.096730095166317,6.923173037442294,-3.1735570577240226,5.571918692428402,4.891632573171095,-0.6802861192573069,4.524811406018902,2.031540454111316,-2.493270951907586,0.0,0.0,0.0,0.0,0.0,0.0,0.0,0.0,0.0,0.0,0.0,0.0,0.0,0.0,0.0,0.0404498894223288,0.0347277018961242,-0.005722187526204597,0.3817324418722672,0.3547155934978615,-0.027016848374405655,0.5110092452906687,0.0,-0.5110092452906687,0.1043923740198306,0.0,-0.1043923740198306,0.1261157457708218,0.1354360298084264,0.009320284037604598,1.195853347078376,,,0.4263896355661777,,,0.7497259277269381,,,0.0197377865728195,,
39,10.019002113867243,6.712777614593506,-3.3062244992737373,5.473217336409682,4.709185286001726,-0.7640320504079563,4.545784759958949,2.003592332655733,-2.5421924273032164,0.0,0.0,0.0,0.0,0.0,0.0,0.0,0.0,0.0,0.0,0.0,0.0,0.0,0.0,0.0,0.0395491303027314,0.0328357143708589,-0.006713415931872496,0.3795760785220959,0.3564034683460539,-0.023172610176041997,0.512439113919159,0.0,-0.512439113919159,0.1015779501060736,0.0,-0.1015779501060736,0.1248359664340449,0.1335728218440305,0.008736855409985589,1.1889491327312014,,,0.429641111090278,,,0.7410380137622903,,,0.0182700071715969,,
40,10.098883277414773,6.853239931843498,-3.245643345571275,5.465993484590396,4.847123070196672,-0.618870414393724,4.632889790272494,2.006116812879389,-2.626772977393105,0.0,0.0,0.0,0.0,0.0,0.0,0.0,0.0,0.0,0.0,0.0,0.0,0.0,0.0,0.0,0.0394626746654783,0.0342400883832438,-0.005222586282234501,0.3799315066694849,0.3557785569944165,-0.02415294967506837,0.5113292542892859,0.0,-0.5113292542892859,0.1014644309026773,0.0,-0.1014644309026773,0.1249637420457255,0.1337411202151667,0.008777378169441213,1.1891659545606794,,,0.4244386817154899,,,0.7459316804139257,,,0.0187955883912605,,
41,10.18107216948763,6.930671686475927,-3.2504004830117026,5.485858349260569,4.855011138049039,-0.6308472112115302,4.695213810019537,2.075660514560613,-2.619553295458924,0.0,0.0,0.0,0.0,0.0,0.0,0.0,0.0,0.0,0.0,0.0,0.0,0.0,0.0,0.0,0.0396523969162494,0.0343521423849531,-0.005300254531296303,0.3801546636797966,0.3549492196603255,-0.025205444019471113,0.5113233546142549,0.0,-0.5113233546142549,0.1000415410971787,0.0,-0.1000415410971787,0.125084374350601,0.1383773674765094,0.013292993125908398,1.1961829434476496,,,0.4297790111296038,,,0.748008738234867,,,0.0183951976724732,,
42,10.16092988985394,6.730876115235415,-3.430053774618524,5.443454867109247,4.733088049021634,-0.7103668180876124,4.717475018734596,1.9977880770509893,-2.719686941683607,0.0,0.0,0.0,0.0,0.0,0.0,0.0,0.0,0.0,0.0,0.0,0.0,0.0,0.0,0.0,0.03920520388376,0.0330902079374275,-0.0061149959463324965,0.3807336155792259,0.3560168150473725,-0.024716800531853433,0.5098627681305649,0.0,-0.5098627681305649,0.097215139950748,0.0,-0.097215139950748,0.1247426131540846,0.1331858713264492,0.008443258172364618,1.192155220457538,,,0.4273980284958439,,,0.7468450282691815,,,0.0179121605774233,,
43,10.213269287657663,6.836049925197255,-3.3772193624604085,5.416632848412983,4.829614904793826,-0.5870179436191574,4.796636426849832,2.0064350163394757,-2.7902014105103565,0.0,0.0,0.0,0.0,0.0,0.0,0.0,0.0,0.0,0.0,0.0,0.0,0.0,0.0,0.0,0.0389636357967095,0.0339747220701114,-0.004988913726598099,0.3800673179487934,0.358035669746724,-0.022031648202069376,0.5119984743700844,0.0,-0.5119984743700844,0.0974093659863513,0.0,-0.0974093659863513,0.1237526648999718,0.1337623346427625,0.010009669742790689,1.1853716320583214,,,0.4287290552158239,,,0.7387976948092108,,,0.017844883196016,,
44,10.313505960167,6.984478170221502,-3.3290277899454974,5.474540019983181,4.970291256904602,-0.5042487630785786,4.83896592523709,2.014186890287833,-2.8247790349492568,0.0,0.0,0.0,0.0,0.0,0.0,0.0,0.0,0.0,0.0,0.0,0.0,0.0,0.0,0.0,0.0395061291087794,0.0354957486799156,-0.0040103804288638065,0.3809817774215605,0.3551791008900512,-0.02580267653150925,0.5125926494689528,0.0,-0.5125926494689528,0.0954379106413242,0.0,-0.0954379106413242,0.1236149659636644,0.1342791262590749,0.010664160295410494,1.19177299300465,,,0.4302151326648321,,,0.743912107900742,,,0.0176457532315546,,
45,10.382259484095677,7.194101626222784,-3.188157857872893,5.445240338643392,5.142741869796407,-0.3024984688469843,4.937019138161196,2.051359744911844,-2.8856593932493517,0.0,0.0,0.0,0.0,0.0,0.0,0.0,0.0,0.0,0.0,0.0,0.0,0.0,0.0,0.0,0.039253437139709,0.0371665809176523,-0.0020868562220567044,0.3799741580763359,0.3565209572288123,-0.023453200847523614,0.5114739418303201,0.0,-0.5114739418303201,0.0953288983542255,0.0,-0.0953288983542255,0.124764389959406,0.1367573154328221,0.0119929254734161,1.1886133573470858,,,0.4312618075434221,,,0.7402248421757958,,,0.0171267077378752,,
46,10.409533493380298,7.159861835566434,-3.249671657813864,5.424304651557852,5.06687578829852,-0.3574288632593321,4.985228858956504,2.0929860628464003,-2.892242796110104,0.0,0.0,0.0,0.0,0.0,0.0,0.0,0.0,0.0,0.0,0.0,0.0,0.0,0.0,0.0,0.0390531294907953,0.0363481323107738,-0.0027049971800214984,0.3797479286470909,0.3580156378448009,-0.02173229080229,0.5123194354936618,0.0,-0.5123194354936618,0.0941861216035822,0.0,-0.0941861216035822,0.1239589224669182,0.139532403089106,0.015573480622187802,1.1895547864633962,,,0.4286090686507181,,,0.7441373172156308,,,0.0168084033639583,,
47,10.257420867954918,7.094789580865339,-3.162631287089579,5.361937783909136,5.023095092990181,-0.3388426909189546,4.895483113210136,2.071694481101903,-2.823788632108233,0.0,0.0,0.0,0.0,0.0,0.0,0.0,0.0,0.0,0.0,0.0,0.0,0.0,0.0,0.0,0.0384723634661292,0.0358421324582939,-0.0026302310078352986,0.3786753540009898,0.3597204678437926,-0.018954886157197204,0.5068724120793358,0.0,-0.5068724120793358,0.0876065776982438,0.0,-0.0876065776982438,0.1234512875705319,0.1381129664368927,0.014661678866360786,1.1981156019989505,,,0.4335139957954395,,,0.7488527756400793,,,0.0157488282543495,,
48,10.429338663725314,6.937793926759199,-3.491544736966115,5.391808201413636,4.860847083005038,-0.530961118408598,5.037530460124351,2.076946870169856,-2.960583589954495,0.0,0.0,0.0,0.0,0.0,0.0,0.0,0.0,0.0,0.0,0.0,0.0,0.0,0.0,0.0,0.0387095500905898,0.034329645272175,-0.004379904818414805,0.380213298017461,0.3569706397300417,-0.023242658287419338,0.5068057667953888,0.0,-0.5068057667953888,0.0900346125171317,0.0,-0.0900346125171317,0.1236443673388673,0.1384631251408295,0.014818757801962207,1.191336763014487,,,0.430663633647315,,,0.7449054104654796,,,0.0157677163925329,,
49,10.38395028887174,7.035741578448903,-3.3482087104228366,5.340391690577936,5.02309787273407,-0.3172938178438658,5.043558645685878,2.012643716552041,-3.030914929133837,0.0,0.0,0.0,0.0,0.0,0.0,0.0,0.0,0.0,0.0,0.0,0.0,0.0,0.0,0.0,0.038214799190447,0.0359897054308517,-0.0022250937595953008,0.3797279421342622,0.3560318428684365,-0.02369609926582572,0.5051141383542198,0.0,-0.5051141383542198,0.0874884041561673,0.0,-0.0874884041561673,0.1230746834775267,0.1341762482188642,0.0111015647413375,1.1973513135122598,,,0.4318648605445109,,,0.7493926269381054,,,0.0160938291240836,,
50,10.42926879322857,6.992628563534129,-3.43664022969444,5.384969794422115,4.911534601991827,-0.473435192430288,5.044299011930414,2.0810939452864905,-2.963205066643923,0.0,0.0,0.0,0.0,0.0,0.0,0.0,0.0,0.0,0.0,0.0,0.0,0.0,0.0,0.0,0.0386483694913737,0.0349368080496788,-0.003711561441694898,0.3800332102389146,0.3544634468853473,-0.02556976335356731,0.506089331633454,0.0,-0.506089331633454,0.0870235345015923,0.0,-0.0870235345015923,0.1237687989385849,0.1387395971793342,0.014970798240749303,1.1928612059409465,,,0.4318603442622981,,,0.74426235144656,,,0.0167385044818123,,
