epoch,split,term,raw_value,weight,weighted_contribution,share_of_recon_total,share_of_total
1,train,final_l1,0.0,0.0,0.0,0.0,0.0
1,train,grad,0.0,0.0,0.0,0.0,0.0
1,train,shadow_removal,0.0,0.0,0.0,0.0,0.0
1,train,shadow_mask,0.0,0.0,0.0,0.0,0.0
1,train,shadow_penumbra,0.0,0.0,0.0,0.0,0.0
1,train,cloud_l1,0.0673766967239547,100.0,6.73766967239547,0.9999999968009289,0.9999999968009289
1,train,cloud_kl,0.0,0.0,0.0,0.0,0.0
1,train,cloud_adv,0.0,0.0,0.0,,0.0
1,train,feature_matching,0.0,0.0,0.0,0.0,0.0
1,train,perceptual,0.0,0.0,0.0,0.0,0.0
1,val,final_l1,0.0,0.0,0.0,0.0,0.0
1,val,grad,0.0,0.0,0.0,0.0,0.0
1,val,shadow_removal,0.0,0.0,0.0,0.0,0.0
1,val,shadow_mask,0.0,0.0,0.0,0.0,0.0
1,val,shadow_penumbra,0.0,0.0,0.0,0.0,0.0
1,val,cloud_l1,0.0555740126662633,100.0,5.55740126662633,0.9999999984765227,0.9999999984765227
1,val,cloud_kl,0.0,0.0,0.0,0.0,0.0
1,val,cloud_adv,0.0,0.0,0.0,,0.0
1,val,feature_matching,0.0,0.0,0.0,0.0,0.0
1,val,perceptual,0.0,0.0,0.0,0.0,0.0
2,train,final_l1,0.0,0.0,0.0,0.0,0.0
2,train,grad,0.0,0.0,0.0,0.0,0.0
2,train,shadow_removal,0.0,0.0,0.0,0.0,0.0
2,train,shadow_mask,0.0,0.0,0.0,0.0,0.0
2,train,shadow_penumbra,0.0,0.0,0.0,0.0,0.0
2,train,cloud_l1,0.0564989138861679,100.0,5.6498913886167905,0.9999999991773164,0.9999999991773164
2,train,cloud_kl,0.0,0.0,0.0,0.0,0.0
2,train,cloud_adv,0.0,0.0,0.0,,0.0
2,train,feature_matching,0.0,0.0,0.0,0.0,0.0
2,train,perceptual,0.0,0.0,0.0,0.0,0.0
2,val,final_l1,0.0,0.0,0.0,0.0,0.0
2,val,grad,0.0,0.0,0.0,0.0,0.0
2,val,shadow_removal,0.0,0.0,0.0,0.0,0.0
2,val,shadow_mask,0.0,0.0,0.0,0.0,0.0
2,val,shadow_penumbra,0.0,0.0,0.0,0.0,0.0
2,val,cloud_l1,0.0528255737047981,100.0,5.28255737047981,0.9999999932364347,0.9999999932364347
2,val,cloud_kl,0.0,0.0,0.0,0.0,0.0
2,val,cloud_adv,0.0,0.0,0.0,,0.0
2,val,feature_matching,0.0,0.0,0.0,0.0,0.0
2,val,perceptual,0.0,0.0,0.0,0.0,0.0
3,train,final_l1,0.0,0.0,0.0,0.0,0.0
3,train,grad,0.0,0.0,0.0,0.0,0.0
3,train,shadow_removal,0.0,0.0,0.0,0.0,0.0
3,train,shadow_mask,0.0,0.0,0.0,0.0,0.0
3,train,shadow_penumbra,0.0,0.0,0.0,0.0,0.0
3,train,cloud_l1,0.0533484544730332,100.0,5.33484544730332,1.000000001076269,1.000000001076269
3,train,cloud_kl,0.0,0.0,0.0,0.0,0.0
3,train,cloud_adv,0.0,0.0,0.0,,0.0
3,train,feature_matching,0.0,0.0,0.0,0.0,0.0
3,train,perceptual,0.0,0.0,0.0,0.0,0.0
3,val,final_l1,0.0,0.0,0.0,0.0,0.0
3,val,grad,0.0,0.0,0.0,0.0,0.0
3,val,shadow_removal,0.0,0.0,0.0,0.0,0.0
3,val,shadow_mask,0.0,0.0,0.0,0.0,0.0
3,val,shadow_penumbra,0.0,0.0,0.0,0.0,0.0
3,val,cloud_l1,0.0500591066665947,100.0,5.00591066665947,0.9999999890064556,0.9999999890064556
3,val,cloud_kl,0.0,0.0,0.0,0.0,0.0
3,val,cloud_adv,0.0,0.0,0.0,,0.0
3,val,feature_matching,0.0,0.0,0.0,0.0,0.0
3,val,perceptual,0.0,0.0,0.0,0.0,0.0
4,train,final_l1,0.0,0.0,0.0,0.0,0.0
4,train,grad,0.0,0.0,0.0,0.0,0.0
4,train,shadow_removal,0.0,0.0,0.0,0.0,0.0
4,train,shadow_mask,0.0,0.0,0.0,0.0,0.0
4,train,shadow_penumbra,0.0,0.0,0.0,0.0,0.0
4,train,cloud_l1,0.0523242803421498,100.0,5.23242803421498,0.9999999996647028,0.9999999996647028
4,train,cloud_kl,0.0,0.0,0.0,0.0,0.0
4,train,cloud_adv,0.0,0.0,0.0,,0.0
4,train,feature_matching,0.0,0.0,0.0,0.0,0.0
4,train,perceptual,0.0,0.0,0.0,0.0,0.0
4,val,final_l1,0.0,0.0,0.0,0.0,0.0
4,val,grad,0.0,0.0,0.0,0.0,0.0
4,val,shadow_removal,0.0,0.0,0.0,0.0,0.0
4,val,shadow_mask,0.0,0.0,0.0,0.0,0.0
4,val,shadow_penumbra,0.0,0.0,0.0,0.0,0.0
4,val,cloud_l1,0.0468761082738637,100.0,4.68761082738637,0.9999999989885493,0.9999999989885493
4,val,cloud_kl,0.0,0.0,0.0,0.0,0.0
4,val,cloud_adv,0.0,0.0,0.0,,0.0
4,val,feature_matching,0.0,0.0,0.0,0.0,0.0
4,val,perceptual,0.0,0.0,0.0,0.0,0.0
5,train,final_l1,0.0,0.0,0.0,0.0,0.0
5,train,grad,0.0,0.0,0.0,0.0,0.0
5,train,shadow_removal,0.0,0.0,0.0,0.0,0.0
5,train,shadow_mask,0.0,0.0,0.0,0.0,0.0
5,train,shadow_penumbra,0.0,0.0,0.0,0.0,0.0
5,train,cloud_l1,0.0507354067029027,100.0,5.07354067029027,0.9880448078009092,0.9676883250341793
5,train,cloud_kl,0.3836818047619741,0.16,0.06138908876191586,0.011955195463796267,0.011708885044966868
5,train,cloud_adv,0.0,0.0,0.0,,0.0
5,train,feature_matching,0.0,0.0,0.0,0.0,0.0
5,train,perceptual,0.1800323336268419,0.6,0.10801940017610513,0.02103619827288447,0.02060279383187275
5,val,final_l1,0.0,0.0,0.0,0.0,0.0
5,val,grad,0.0,0.0,0.0,0.0,0.0
5,val,shadow_removal,0.0,0.0,0.0,0.0,0.0
5,val,shadow_mask,0.0,0.0,0.0,0.0,0.0
5,val,shadow_penumbra,0.0,0.0,0.0,0.0,0.0
5,val,cloud_l1,0.0443033863874998,100.0,4.43033863874998,0.9870507836926814,0.9640121889422564
5,val,cloud_kl,0.3632630651647394,0.16,0.058122090426358304,0.012949225687492967,0.012646979878184304
5,val,cloud_adv,0.0,0.0,0.0,,0.0
5,val,feature_matching,0.0,0.0,0.0,0.0,0.0
5,val,perceptual,0.1787803168831901,0.6,0.10726819012991405,0.023898658718084137,0.023340843940586248
6,train,final_l1,0.0,0.0,0.0,0.0,0.0
6,train,grad,0.0,0.0,0.0,0.0,0.0
6,train,shadow_removal,0.0,0.0,0.0,0.0,0.0
6,train,shadow_mask,0.0,0.0,0.0,0.0,0.0
6,train,shadow_penumbra,0.0,0.0,0.0,0.0,0.0
6,train,cloud_l1,0.04935496163751,100.0,4.935496163751,0.9757124586028221,0.9386910319995627
6,train,cloud_kl,0.3839216306577764,0.32,0.12285492181048845,0.024287543508101233,0.023366002021743465
6,train,cloud_adv,0.0,0.0,0.0,,0.0
6,train,feature_matching,0.0,0.0,0.0,0.0,0.0
6,train,perceptual,0.1662486656953435,1.2,0.1994983988344122,0.03943941333470989,0.03794296493623666
6,val,final_l1,0.0,0.0,0.0,0.0,0.0
6,val,grad,0.0,0.0,0.0,0.0,0.0
6,val,shadow_removal,0.0,0.0,0.0,0.0,0.0
6,val,shadow_mask,0.0,0.0,0.0,0.0,0.0
6,val,shadow_penumbra,0.0,0.0,0.0,0.0,0.0
6,val,cloud_l1,0.0445074678017673,100.0,4.45074678017673,0.9749053761352833,0.9324454441800808
6,val,cloud_kl,0.3580149639059197,0.32,0.1145647884498943,0.02509462651819711,0.024001683387010586
6,val,cloud_adv,0.0,0.0,0.0,,0.0
6,val,feature_matching,0.0,0.0,0.0,0.0,0.0
6,val,perceptual,0.1732387678613039,1.2,0.20788652143356467,0.04553610829407766,0.04355287986288786
7,train,final_l1,0.0,0.0,0.0,0.0,0.0
7,train,grad,0.0,0.0,0.0,0.0,0.0
7,train,shadow_removal,0.0,0.0,0.0,0.0,0.0
7,train,shadow_mask,0.0,0.0,0.0,0.0,0.0
7,train,shadow_penumbra,0.0,0.0,0.0,0.0,0.0
7,train,cloud_l1,0.0483001383072739,100.0,4.83001383072739,0.9633105535342106,0.9115707230191464
7,train,cloud_kl,0.3832498360482195,0.48,0.18395992130314534,0.03668944641343919,0.03471884022402465
7,train,cloud_adv,0.0,0.0,0.0,,0.0
7,train,feature_matching,0.0,0.0,0.0,0.0,0.0
7,train,perceptual,0.1581044828331251,1.7999999999999998,0.28458806909962514,0.056758986616049945,0.05371043665783865
7,val,final_l1,0.0,0.0,0.0,0.0,0.0
7,val,grad,0.0,0.0,0.0,0.0,0.0
7,val,shadow_removal,0.0,0.0,0.0,0.0,0.0
7,val,shadow_mask,0.0,0.0,0.0,0.0,0.0
7,val,shadow_penumbra,0.0,0.0,0.0,0.0,0.0
7,val,cloud_l1,0.0492735272273421,100.0,4.92735272273421,0.9654596266940788,0.9117184187616252
7,val,cloud_kl,0.3672529391267083,0.48,0.17628141078082,0.03454036977306455,0.03261771952160429
7,val,cloud_adv,0.0,0.0,0.0,,0.0
7,val,feature_matching,0.0,0.0,0.0,0.0,0.0
7,val,perceptual,0.1671297404576431,1.7999999999999998,0.3008335328237575,0.05894496429228998,0.055663860147676415
8,train,final_l1,0.0,0.0,0.0,0.0,0.0
8,train,grad,0.0,0.0,0.0,0.0,0.0
8,train,shadow_removal,0.0,0.0,0.0,0.0,0.0
8,train,shadow_mask,0.0,0.0,0.0,0.0,0.0
8,train,shadow_penumbra,0.0,0.0,0.0,0.0,0.0
8,train,cloud_l1,0.0476028562184503,100.0,4.76028562184503,0.950919495143734,0.8854115404717875
8,train,cloud_kl,0.3839001741704591,0.64,0.24569611146909381,0.04908050500264189,0.04569939491560626
8,train,cloud_adv,0.0,0.0,0.0,,0.0
8,train,feature_matching,0.0,0.0,0.0,0.0,0.0
8,train,perceptual,0.1543216474855529,2.4,0.37037195396532696,0.07398587804561206,0.0688890601024238
8,val,final_l1,0.0,0.0,0.0,0.0,0.0
8,val,grad,0.0,0.0,0.0,0.0,0.0
8,val,shadow_removal,0.0,0.0,0.0,0.0,0.0
8,val,shadow_mask,0.0,0.0,0.0,0.0,0.0
8,val,shadow_penumbra,0.0,0.0,0.0,0.0,0.0
8,val,cloud_l1,0.0434986374298618,100.0,4.34986374298618,0.9499874777639888,0.8747686832898736
8,val,cloud_kl,0.3578134301033887,0.64,0.22900059526616875,0.05001253160036072,0.04605260326063968
8,val,cloud_adv,0.0,0.0,0.0,,0.0
8,val,feature_matching,0.0,0.0,0.0,0.0,0.0
8,val,perceptual,0.1640512823465872,2.4,0.39372307763180925,0.08598705972342591,0.0791787142197637
9,train,final_l1,0.0,0.0,0.0,0.0,0.0
9,train,grad,0.0,0.0,0.0,0.0,0.0
9,train,shadow_removal,0.0,0.0,0.0,0.0,0.0
9,train,shadow_mask,0.0,0.0,0.0,0.0,0.0
9,train,shadow_penumbra,0.0,0.0,0.0,0.0,0.0
9,train,cloud_l1,0.0467372391521019,100.0,4.67372391521019,0.9383224664011989,0.8609590874966789
9,train,cloud_kl,0.3840147834669924,0.8,0.30721182677359393,0.06167753257048187,0.056592306016707894
9,train,cloud_adv,0.0,0.0,0.0,,0.0
9,train,feature_matching,0.0,0.0,0.0,0.0,0.0
9,train,perceptual,0.1491909952839944,3.0,0.44757298585198324,0.08985720928282404,0.08244860767946273
9,val,final_l1,0.0,0.0,0.0,0.0,0.0
9,val,grad,0.0,0.0,0.0,0.0,0.0
9,val,shadow_removal,0.0,0.0,0.0,0.0,0.0
9,val,shadow_mask,0.0,0.0,0.0,0.0,0.0
9,val,shadow_penumbra,0.0,0.0,0.0,0.0,0.0
9,val,cloud_l1,0.0441630311648954,100.0,4.41630311648954,0.9385568932867322,0.8547481663954044
9,val,cloud_kl,0.3613944693722508,0.8,0.28911557549780065,0.06144311411208455,0.05595653231101818
9,val,cloud_adv,0.0,0.0,0.0,,0.0
9,val,feature_matching,0.0,0.0,0.0,0.0,0.0
9,val,perceptual,0.1537899983284825,3.0,0.4613699949854475,0.09805078540294132,0.08929531031763413
10,train,final_l1,0.0,0.0,0.0,0.0,0.0
10,train,grad,0.0,0.0,0.0,0.0,0.0
10,train,shadow_removal,0.0,0.0,0.0,0.0,0.0
10,train,shadow_mask,0.0,0.0,0.0,0.0,0.0
10,train,shadow_penumbra,0.0,0.0,0.0,0.0,0.0
10,train,cloud_l1,0.0467891920278196,100.0,4.67891920278196,0.9270457131483594,0.8209778967330549
10,train,cloud_kl,0.3835517574523202,0.96,0.36820968715422736,0.0729542864969904,0.06460723116075162
10,train,cloud_adv,0.4866754809103975,0.05,0.024333774045519875,,0.004269680618462108
10,train,feature_matching,0.1504327428131293,0.625,0.09402046425820582,0.0186285046954785,0.01649712671906641
10,train,perceptual,0.1482553577181578,3.6,0.533719287785368,0.10574710874935322,0.09364806685940855
10,val,final_l1,0.0,0.0,0.0,0.0,0.0
10,val,grad,0.0,0.0,0.0,0.0,0.0
10,val,shadow_removal,0.0,0.0,0.0,0.0,0.0
10,val,shadow_mask,0.0,0.0,0.0,0.0,0.0
10,val,shadow_penumbra,0.0,0.0,0.0,0.0,0.0
10,val,cloud_l1,0.0437710419805212,100.0,4.377104198052121,0.9271413561596209,0.828080886795193
10,val,cloud_kl,0.3583033396439118,0.96,0.34397120605815534,0.07285865632500556,0.06507406916915658
10,val,cloud_adv,0.0,0.05,0.0,,0.0
10,val,feature_matching,0.0,0.625,0.0,0.0,0.0
10,val,perceptual,0.1568794525651769,3.6,0.5647660292346369,0.11962656554772068,0.1068450585500202
11,train,final_l1,0.0,0.0,0.0,0.0,0.0
11,train,grad,0.0,0.0,0.0,0.0,0.0
11,train,shadow_removal,0.0,0.0,0.0,0.0,0.0
11,train,shadow_mask,0.0,0.0,0.0,0.0,0.0
11,train,shadow_penumbra,0.0,0.0,0.0,0.0,0.0
11,train,cloud_l1,0.0472195209359995,100.0,4.72195209359995,0.9165657664243765,0.7852865931257609
11,train,cloud_kl,0.3837816315142022,1.12,0.4298354272959065,0.0834342301756524,0.0714839946731902
11,train,cloud_adv,0.4892205631514208,0.1,0.048922056315142085,,0.008136006924868084
11,train,feature_matching,0.1587368280737908,1.25,0.19842103509223852,0.03851498797510749,0.03299850899869635
11,train,perceptual,0.1461666054476838,4.2,0.613899742880272,0.11916247288985207,0.10209490228853484
11,val,final_l1,0.0,0.0,0.0,0.0,0.0
11,val,grad,0.0,0.0,0.0,0.0,0.0
11,val,shadow_removal,0.0,0.0,0.0,0.0,0.0
11,val,shadow_mask,0.0,0.0,0.0,0.0,0.0
11,val,shadow_penumbra,0.0,0.0,0.0,0.0,0.0
11,val,cloud_l1,0.042392855933444,100.0,4.2392855933444,0.9136011174591898,0.8026036116178701
11,val,cloud_kl,0.3579531247642907,1.12,0.40090749973600565,0.08639888294660332,0.07590189434700532
11,val,cloud_adv,0.0,0.1,0.0,,0.0
11,val,feature_matching,0.0,1.25,0.0,0.0,0.0
11,val,perceptual,0.1527913975614038,4.2,0.641723869757896,0.13829680298763017,0.1214945028326711
12,train,final_l1,0.0,0.0,0.0,0.0,0.0
12,train,grad,0.0,0.0,0.0,0.0,0.0
12,train,shadow_removal,0.0,0.0,0.0,0.0,0.0
12,train,shadow_mask,0.0,0.0,0.0,0.0,0.0
12,train,shadow_penumbra,0.0,0.0,0.0,0.0,0.0
12,train,cloud_l1,0.045631114268157,100.0,4.563111426815699,0.9030706676779409,0.7458049824199194
12,train,cloud_kl,0.3826349065026741,1.28,0.48977268032342286,0.09692933177806275,0.08004952565738001
12,train,cloud_adv,0.5054204860411653,0.15,0.0758130729061748,,0.012391055623519283
12,train,feature_matching,0.160187011146035,1.875,0.30035064589881566,0.05944142778004079,0.04908997112540267
12,train,perceptual,0.1436089476747068,4.8,0.6893229488385927,0.13642168192412576,0.11266446107781576
12,val,final_l1,0.0,0.0,0.0,0.0,0.0
12,val,grad,0.0,0.0,0.0,0.0,0.0
12,val,shadow_removal,0.0,0.0,0.0,0.0,0.0
12,val,shadow_mask,0.0,0.0,0.0,0.0,0.0
12,val,shadow_penumbra,0.0,0.0,0.0,0.0,0.0
12,val,cloud_l1,0.0453436241315847,100.0,4.53436241315847,0.9094664340633453,0.7884472950747083
12,val,cloud_kl,0.3526380742815407,1.28,0.4513767350803721,0.0905335639871701,0.07848661694993961
12,val,cloud_adv,0.0,0.15,0.0,,0.0
12,val,feature_matching,0.0,1.875,0.0,0.0,0.0
12,val,perceptual,0.1594298738054931,4.8,0.7652633942663668,0.15349045949281534,0.13306608476597745
13,train,final_l1,0.0,0.0,0.0,0.0,0.0
13,train,grad,0.0,0.0,0.0,0.0,0.0
13,train,shadow_removal,0.0,0.0,0.0,0.0,0.0
13,train,shadow_mask,0.0,0.0,0.0,0.0,0.0
13,train,shadow_penumbra,0.0,0.0,0.0,0.0,0.0
13,train,cloud_l1,0.0454917652219169,100.0,4.54917652219169,0.8919713765940634,0.7120043321136943
13,train,cloud_kl,0.3826116623317065,1.44,0.5509607937576574,0.10802861908304456,0.08623241372732159
13,train,cloud_adv,0.5133412428405306,0.2,0.10266824856810614,,0.01606889453386151
13,train,feature_matching,0.1698910993743198,2.5,0.42472774843579947,0.08327770808670625,0.06647532699159611
13,train,perceptual,0.1410593779512683,5.4,0.7617206409368489,0.1493529664901238,0.11921902646814969
13,val,final_l1,0.0,0.0,0.0,0.0,0.0
13,val,grad,0.0,0.0,0.0,0.0,0.0
13,val,shadow_removal,0.0,0.0,0.0,0.0,0.0
13,val,shadow_mask,0.0,0.0,0.0,0.0,0.0
13,val,shadow_penumbra,0.0,0.0,0.0,0.0,0.0
13,val,cloud_l1,0.0408711569299074,100.0,4.08711569299074,0.8891842222730183,0.7558146518553607
13,val,cloud_kl,0.3537238020111214,1.44,0.5093622748960148,0.11081577627845594,0.09419441468931723
13,val,cloud_adv,0.0,0.2,0.0,,0.0
13,val,feature_matching,0.0,2.5,0.0,0.0,0.0
13,val,perceptual,0.1502010126344182,5.4,0.8110854682258584,0.1764580343292452,0.14999092926177615
14,train,final_l1,0.0,0.0,0.0,0.0,0.0
14,train,grad,0.0,0.0,0.0,0.0,0.0
14,train,shadow_removal,0.0,0.0,0.0,0.0,0.0
14,train,shadow_mask,0.0,0.0,0.0,0.0,0.0
14,train,shadow_penumbra,0.0,0.0,0.0,0.0,0.0
14,train,cloud_l1,0.045066317144656,100.0,4.5066317144656,0.8803654147248938,0.6799453766659247
14,train,cloud_kl,0.3827593869754663,1.6,0.6124150191607461,0.11963458220839703,0.09239911030282649
14,train,cloud_adv,0.517437890673267,0.25,0.12935947266831674,,0.019517320460519166
14,train,feature_matching,0.1735329877340237,3.125,0.5422905866688241,0.10593585353373333,0.08181897270002303
14,train,perceptual,0.1395391965290639,6.0,0.8372351791743835,0.16355294650997004,0.12631921695185472
14,val,final_l1,0.0,0.0,0.0,0.0,0.0
14,val,grad,0.0,0.0,0.0,0.0,0.0
14,val,shadow_removal,0.0,0.0,0.0,0.0,0.0
14,val,shadow_mask,0.0,0.0,0.0,0.0,0.0
14,val,shadow_penumbra,0.0,0.0,0.0,0.0,0.0
14,val,cloud_l1,0.0387458868578753,100.0,3.87458868578753,0.8704222145432913,0.7264028791312169
14,val,cloud_kl,0.3605007654563947,1.6,0.5768012247302315,0.12957777975829823,0.10813794813043244
14,val,cloud_adv,0.0,0.25,0.0,,0.0
14,val,feature_matching,0.0,3.125,0.0,0.0,0.0
14,val,perceptual,0.1470915149389342,6.0,0.8825490896336051,0.1982637114127405,0.16545916268120758
15,train,final_l1,0.0,0.0,0.0,0.0,0.0
15,train,grad,0.0,0.0,0.0,0.0,0.0
15,train,shadow_removal,0.0,0.0,0.0,0.0,0.0
15,train,shadow_mask,0.0,0.0,0.0,0.0,0.0
15,train,shadow_penumbra,0.0,0.0,0.0,0.0,0.0
15,train,cloud_l1,0.0449622393007581,100.0,4.49622393007581,0.8695392006848242,0.6501522137032573
15,train,cloud_kl,0.38328880919229,1.76,0.6745883041784304,0.13046080086957618,0.09754520373555726
15,train,cloud_adv,0.5234231021972972,0.3,0.15702693065918913,,0.022706032476762863
15,train,feature_matching,0.1781761539125934,3.75,0.6681605771722252,0.12921772207943646,0.09661575693594156
15,train,perceptual,0.1393406642002796,6.6,0.9196483837218453,0.17785375749270138,0.13298079495237666
15,val,final_l1,0.0,0.0,0.0,0.0,0.0
15,val,grad,0.0,0.0,0.0,0.0,0.0
15,val,shadow_removal,0.0,0.0,0.0,0.0,0.0
15,val,shadow_mask,0.0,0.0,0.0,0.0,0.0
15,val,shadow_penumbra,0.0,0.0,0.0,0.0,0.0
15,val,cloud_l1,0.0412082718685269,100.0,4.12082718685269,0.8674763478248138,0.7179128558769566
15,val,cloud_kl,0.3576905842531811,1.76,0.6295354282855988,0.13252365833196084,0.1096749649289269
15,val,cloud_adv,0.0,0.3,0.0,,0.0
15,val,feature_matching,0.0,3.75,0.0,0.0,0.0
15,val,perceptual,0.1499466269531033,6.6,0.9896477378904817,0.20833098947641282,0.17241218852561496
16,train,final_l1,0.0,0.0,0.0,0.0,0.0
16,train,grad,0.0,0.0,0.0,0.0,0.0
16,train,shadow_removal,0.0,0.0,0.0,0.0,0.0
16,train,shadow_mask,0.0,0.0,0.0,0.0,0.0
16,train,shadow_penumbra,0.0,0.0,0.0,0.0,0.0
16,train,cloud_l1,0.0441119868809568,100.0,4.41119868809568,0.8571471086249076,0.6228018367498422
16,train,cloud_kl,0.3829032606487974,1.92,0.735174260445691,0.14285289242968027,0.10379670291714868
16,train,cloud_adv,0.5204843499609454,0.35,0.18216952248633086,,0.02571988278617018
16,train,feature_matching,0.1739273520360276,4.375,0.7609321651576207,0.14785795230323534,0.10743337210838445
16,train,perceptual,0.1379658352093777,7.199999999999999,0.9933540135075193,0.1930202153026324,0.1402482064171968
16,val,final_l1,0.0,0.0,0.0,0.0,0.0
16,val,grad,0.0,0.0,0.0,0.0,0.0
16,val,shadow_removal,0.0,0.0,0.0,0.0,0.0
16,val,shadow_mask,0.0,0.0,0.0,0.0,0.0
16,val,shadow_penumbra,0.0,0.0,0.0,0.0,0.0
16,val,cloud_l1,0.0385250973261215,100.0,3.85250973261215,0.8488471879433969,0.6904087769616805
16,val,cloud_kl,0.3572968999770554,1.92,0.6860100479559463,0.15115281739041475,0.12293995111377723
16,val,cloud_adv,0.0,0.35,0.0,,0.0
16,val,feature_matching,0.0,4.375,0.0,0.0,0.0
16,val,perceptual,0.1446558240039104,7.199999999999999,1.0415219328281546,0.22948493974682355,0.1866512828599892
17,train,final_l1,0.0,0.0,0.0,0.0,0.0
17,train,grad,0.0,0.0,0.0,0.0,0.0
17,train,shadow_removal,0.0,0.0,0.0,0.0,0.0
17,train,shadow_mask,0.0,0.0,0.0,0.0,0.0
17,train,shadow_penumbra,0.0,0.0,0.0,0.0,0.0
17,train,cloud_l1,0.0434273356566097,100.0,4.3427335656609705,0.8449122325677256,0.6002419946716955
17,train,cloud_kl,0.3832355578649299,2.08,0.7971299603590543,0.15508776770906568,0.1101773503218967
17,train,cloud_adv,0.5257447228883749,0.4,0.21029788915534997,,0.029066859053933705
17,train,feature_matching,0.1642622891785035,5.0,0.8213114458925175,0.15979246179631923,0.11351965601283344
17,train,perceptual,0.1363459411062961,7.800000000000001,1.0634983406291096,0.2069117857973518,0.14699413529692243
17,val,final_l1,0.0,0.0,0.0,0.0,0.0
17,val,grad,0.0,0.0,0.0,0.0,0.0
17,val,shadow_removal,0.0,0.0,0.0,0.0,0.0
17,val,shadow_mask,0.0,0.0,0.0,0.0,0.0
17,val,shadow_penumbra,0.0,0.0,0.0,0.0,0.0
17,val,cloud_l1,0.0455835746304894,100.0,4.55835746304894,0.856658988245019,0.7052365472280768
17,val,cloud_kl,0.3666971698403358,2.08,0.7627301132678985,0.1433410197494798,0.1180041617859748
17,val,cloud_adv,0.0,0.4,0.0,,0.0
17,val,feature_matching,0.0,5.0,0.0,0.0,0.0
17,val,perceptual,0.1464742296798662,7.800000000000001,1.1424989915029564,0.21471155741200573,0.1767592933442689
18,train,final_l1,0.0,0.0,0.0,0.0,0.0
18,train,grad,0.0,0.0,0.0,0.0,0.0
18,train,shadow_removal,0.0,0.0,0.0,0.0,0.0
18,train,shadow_mask,0.0,0.0,0.0,0.0,0.0
18,train,shadow_penumbra,0.0,0.0,0.0,0.0,0.0
18,train,cloud_l1,0.043512376372785,100.0,4.3512376372785,0.8355755449871318,0.580614080149585
18,train,cloud_kl,0.3822482152634075,2.24,0.8562360021900329,0.16442445203131237,0.11425316662628061
18,train,cloud_adv,0.5305626760564448,0.45,0.23875320422540017,,0.031858400668918506
18,train,feature_matching,0.1622531805315627,5.625,0.9126741404900403,0.17526236347151197,0.1217840763319866
18,train,perceptual,0.1351545696297734,8.4,1.1352983848900966,0.21801327478654464,0.15149028446319326
18,val,final_l1,0.0,0.0,0.0,0.0,0.0
18,val,grad,0.0,0.0,0.0,0.0,0.0
18,val,shadow_removal,0.0,0.0,0.0,0.0,0.0
18,val,shadow_mask,0.0,0.0,0.0,0.0,0.0
18,val,shadow_penumbra,0.0,0.0,0.0,0.0,0.0
18,val,cloud_l1,0.0376881456891582,100.0,3.76881456891582,0.8251618611075042,0.6519470086305119
18,val,cloud_kl,0.3564952920106324,2.24,0.7985494541038166,0.1748381465008619,0.13813678500937143
18,val,cloud_adv,0.0,0.45,0.0,,0.0
18,val,feature_matching,0.0,5.625,0.0,0.0,0.0
18,val,perceptual,0.1444638507779349,8.4,1.213496346534653,0.2656885568243134,0.20991622130533982
19,train,final_l1,0.0,0.0,0.0,0.0,0.0
19,train,grad,0.0,0.0,0.0,0.0,0.0
19,train,shadow_removal,0.0,0.0,0.0,0.0,0.0
19,train,shadow_mask,0.0,0.0,0.0,0.0,0.0
19,train,shadow_penumbra,0.0,0.0,0.0,0.0,0.0
19,train,cloud_l1,0.043520198229256,100.0,4.3520198229256,0.8256735116244275,0.5606225494735522
19,train,cloud_kl,0.3828552863831184,2.4,0.9188526873194841,0.17432648652197796,0.11836562265688012
19,train,cloud_adv,0.5292127280515997,0.5,0.26460636402579985,,0.03408630944776989
19,train,feature_matching,0.1612512951557288,6.25,1.007820594723305,0.19120564781187485,0.12982637354944554
19,train,perceptual,0.1355038432672118,9.0,1.219534589404906,0.23137243118173575,0.15709914442065911
19,val,final_l1,0.0,0.0,0.0,0.0,0.0
19,val,grad,0.0,0.0,0.0,0.0,0.0
19,val,shadow_removal,0.0,0.0,0.0,0.0,0.0
19,val,shadow_mask,0.0,0.0,0.0,0.0,0.0
19,val,shadow_penumbra,0.0,0.0,0.0,0.0,0.0
19,val,cloud_l1,0.039911031151529,100.0,3.9911031151528995,0.823961958500487,0.6500602968189098
19,val,cloud_kl,0.3552884164858948,2.4,0.8526921995661475,0.17603803121125194,0.13888424537081986
19,val,cloud_adv,0.0,0.5,0.0,,0.0
19,val,feature_matching,0.0,6.25,0.0,0.0,0.0
19,val,perceptual,0.1439770828001201,9.0,1.2957937452010808,0.2675162032408828,0.21105545066560652
20,train,final_l1,0.0,0.0,0.0,0.0,0.0
20,train,grad,0.0,0.0,0.0,0.0,0.0
20,train,shadow_removal,0.0,0.0,0.0,0.0,0.0
20,train,shadow_mask,0.0,0.0,0.0,0.0,0.0
20,train,shadow_penumbra,0.0,0.0,0.0,0.0,0.0
20,train,cloud_l1,0.0428334617024623,100.0,4.28334617024623,0.8144337080882463,0.5396942534023969
20,train,cloud_kl,0.3812295627247667,2.56,0.9759476805754028,0.18556629718897005,0.1229677298759312
20,train,cloud_adv,0.5342477796548003,0.55,0.2938362788101402,,0.037022865958522555
20,train,feature_matching,0.1583664213885362,6.875000000000001,1.0887691470461867,0.20701812518457474,0.1371830406854269
20,train,perceptual,0.1348663475991024,9.6,1.2947169369513831,0.24617695464603437,0.1631321081422767
20,val,final_l1,0.0,0.0,0.0,0.0,0.0
20,val,grad,0.0,0.0,0.0,0.0,0.0
20,val,shadow_removal,0.0,0.0,0.0,0.0,0.0
20,val,shadow_mask,0.0,0.0,0.0,0.0,0.0
20,val,shadow_penumbra,0.0,0.0,0.0,0.0,0.0
20,val,cloud_l1,0.0389919149774042,100.0,3.89919149774042,0.8098930280831614,0.6299797649984296
20,val,cloud_kl,0.3575238453393632,2.56,0.9152610440687698,0.19010698471644025,0.1478757680377581
20,val,cloud_adv,0.0,0.55,0.0,,0.0
20,val,feature_matching,0.0,6.875000000000001,0.0,0.0,0.0
20,val,perceptual,0.1432228198444301,9.6,1.374939070506529,0.2855857599934971,0.22214446072392582
21,train,final_l1,0.0,0.0,0.0,0.0,0.0
21,train,grad,0.0,0.0,0.0,0.0,0.0
21,train,shadow_removal,0.0,0.0,0.0,0.0,0.0
21,train,shadow_mask,0.0,0.0,0.0,0.0,0.0
21,train,shadow_penumbra,0.0,0.0,0.0,0.0,0.0
21,train,cloud_l1,0.0431435701781912,100.0,4.31435701781912,0.8061723237820163,0.5286358058212984
21,train,cloud_kl,0.381359947748505,2.72,1.0372990578759338,0.19382767547768978,0.12709968625060777
21,train,cloud_adv,0.5318691450703764,0.6,0.3191214870422258,,0.03910178127602764
21,train,feature_matching,0.1495219461266692,7.5,1.121414595950019,0.2095453405933223,0.13740631712705845
21,train,perceptual,0.1342265594762035,10.2,1.3691109066572755,0.255829389310283,0.16775641061002272
21,val,final_l1,0.0,0.0,0.0,0.0,0.0
21,val,grad,0.0,0.0,0.0,0.0,0.0
21,val,shadow_removal,0.0,0.0,0.0,0.0,0.0
21,val,shadow_mask,0.0,0.0,0.0,0.0,0.0
21,val,shadow_penumbra,0.0,0.0,0.0,0.0,0.0
21,val,cloud_l1,0.0370700438718565,100.0,3.70700438718565,0.7917482296465016,0.6028414743117063
21,val,cloud_kl,0.358472463759509,2.72,0.9750451014258645,0.20825177211767887,0.15856404931590332
21,val,cloud_adv,0.0,0.6,0.0,,0.0
21,val,feature_matching,0.0,7.5,0.0,0.0,0.0
21,val,perceptual,0.1438401752066883,10.2,1.4671697871082205,0.3133605899009131,0.23859448361683766
22,train,final_l1,0.0,0.0,0.0,0.0,0.0
22,train,grad,0.0,0.0,0.0,0.0,0.0
22,train,shadow_removal,0.0,0.0,0.0,0.0,0.0
22,train,shadow_mask,0.0,0.0,0.0,0.0,0.0
22,train,shadow_penumbra,0.0,0.0,0.0,0.0,0.0
22,train,cloud_l1,0.0420873468679116,100.0,4.208734686791161,0.793147667734392,0.5084996557645081
22,train,cloud_kl,0.3811232310460613,2.88,1.0976349054126564,0.206852327371499,0.13261633557210248
22,train,cloud_adv,0.5319725656910409,0.65,0.3457821676991766,,0.041777428688096696
22,train,feature_matching,0.1453078909740079,8.125,1.1806266141638142,0.22249234394081593,0.14264340034853468
22,train,perceptual,0.1337029231820449,10.8,1.443991570366085,0.2721241968182094,0.17446317506362702
22,val,final_l1,0.0,0.0,0.0,0.0,0.0
22,val,grad,0.0,0.0,0.0,0.0,0.0
22,val,shadow_removal,0.0,0.0,0.0,0.0,0.0
22,val,shadow_mask,0.0,0.0,0.0,0.0,0.0
22,val,shadow_penumbra,0.0,0.0,0.0,0.0,0.0
22,val,cloud_l1,0.0365602556108073,100.0,3.65602556108073,0.7798883943805734,0.5869341776550424
22,val,cloud_kl,0.3582838140428066,2.88,1.031857384443283,0.22011158985040818,0.16565320873097913
22,val,cloud_adv,0.0,0.65,0.0,,0.0
22,val,feature_matching,0.0,8.125,0.0,0.0,0.0
22,val,perceptual,0.1426979954862459,10.8,1.5411383512514558,0.3287493192253647,0.24741259483345487
23,train,final_l1,0.0,0.0,0.0,0.0,0.0
23,train,grad,0.0,0.0,0.0,0.0,0.0
23,train,shadow_removal,0.0,0.0,0.0,0.0,0.0
23,train,shadow_mask,0.0,0.0,0.0,0.0,0.0
23,train,shadow_penumbra,0.0,0.0,0.0,0.0,0.0
23,train,cloud_l1,0.0425512949375019,100.0,4.25512949375019,0.7856187270946954,0.4977907187280909
23,train,cloud_kl,0.3819567727933236,3.04,1.1611485892917037,0.21438127277371738,0.1358381670082165
23,train,cloud_adv,0.5302920077645451,0.7,0.3712044054351816,,0.04342573076753956
23,train,feature_matching,0.1432875731464372,8.75,1.2537662650313255,0.23148114731993316,0.14667314146459157
23,train,perceptual,0.1321737102662933,11.4,1.5067802970357436,0.27819478131212044,0.17627224932364974
23,val,final_l1,0.0,0.0,0.0,0.0,0.0
23,val,grad,0.0,0.0,0.0,0.0,0.0
23,val,shadow_removal,0.0,0.0,0.0,0.0,0.0
23,val,shadow_mask,0.0,0.0,0.0,0.0,0.0
23,val,shadow_penumbra,0.0,0.0,0.0,0.0,0.0
23,val,cloud_l1,0.0373862603763965,100.0,3.73862603763965,0.7747698072294926,0.5823629016103594
23,val,cloud_kl,0.3575134419582106,3.04,1.0868408635529603,0.2252301989732261,0.16929636516601412
23,val,cloud_adv,0.0,0.7,0.0,,0.0
23,val,feature_matching,0.0,8.75,0.0,0.0,0.0
23,val,perceptual,0.1398496727713129,11.4,1.5942862695929672,0.330390055952482,0.24834074566705983
24,train,final_l1,0.0,0.0,0.0,0.0,0.0
24,train,grad,0.0,0.0,0.0,0.0,0.0
24,train,shadow_removal,0.0,0.0,0.0,0.0,0.0
24,train,shadow_mask,0.0,0.0,0.0,0.0,0.0
24,train,shadow_penumbra,0.0,0.0,0.0,0.0,0.0
24,train,cloud_l1,0.041779033643185,100.0,4.1779033643184995,0.7733039957089449,0.484645038476147
24,train,cloud_kl,0.3827383858165974,3.2,1.2247628346131119,0.22669600304568716,0.14207490680006443
24,train,cloud_adv,0.5268153008244453,0.75,0.39511147561833393,,0.04583371121956296
24,train,feature_matching,0.1334325289382209,9.375,1.2509299587958211,0.2315393754078916,0.14511034486563776
24,train,perceptual,0.1309862758178229,12.0,1.5718353098138749,0.2909369651908525,0.1823359991303135
24,val,final_l1,0.0,0.0,0.0,0.0,0.0
24,val,grad,0.0,0.0,0.0,0.0,0.0
24,val,shadow_removal,0.0,0.0,0.0,0.0,0.0
24,val,shadow_mask,0.0,0.0,0.0,0.0,0.0
24,val,shadow_penumbra,0.0,0.0,0.0,0.0,0.0
24,val,cloud_l1,0.0365508172068406,100.0,3.65508172068406,0.7624712360047287,0.5621498840981752
24,val,cloud_kl,0.3558277657086199,3.2,1.1386488502675838,0.23752875108806154,0.17512366839410845
24,val,cloud_adv,0.0,0.75,0.0,,0.0
24,val,feature_matching,0.0,9.375,0.0,0.0,0.0
24,val,perceptual,0.1423532856120304,12.0,1.7082394273443646,0.3563486474703235,0.2627264366373311
25,train,final_l1,0.0,0.0,0.0,0.0,0.0
25,train,grad,0.0,0.0,0.0,0.0,0.0
25,train,shadow_removal,0.0,0.0,0.0,0.0,0.0
25,train,shadow_mask,0.0,0.0,0.0,0.0,0.0
25,train,shadow_penumbra,0.0,0.0,0.0,0.0,0.0
25,train,cloud_l1,0.0424122217877423,100.0,4.241222178774231,0.7677102794118404,0.4747186528033611
25,train,cloud_kl,0.3819305494382111,3.36,1.2832866461123893,0.2322897287916097,0.1436378671345824
25,train,cloud_adv,0.5238044910383516,0.8,0.41904359283068127,,0.04690341639021466
25,train,feature_matching,0.1330934490137007,10.0,1.330934490137007,0.2409145397794847,0.14897107519841662
25,train,perceptual,0.1317217204640035,12.6,1.659693677846444,0.30042375604237004,0.18576898676909903
25,val,final_l1,0.0,0.0,0.0,0.0,0.0
25,val,grad,0.0,0.0,0.0,0.0,0.0
25,val,shadow_removal,0.0,0.0,0.0,0.0,0.0
25,val,shadow_mask,0.0,0.0,0.0,0.0,0.0
25,val,shadow_penumbra,0.0,0.0,0.0,0.0,0.0
25,val,cloud_l1,0.0356249885040928,100.0,3.56249885040928,0.7487068383547794,0.5413487968911211
25,val,cloud_kl,0.3558642325753515,3.36,1.195703821453181,0.2512931695868728,0.18169629026194092
25,val,cloud_adv,0.0,0.8,0.0,,0.0
25,val,feature_matching,0.0,10.0,0.0,0.0,0.0
25,val,perceptual,0.1446492128412831,12.6,1.822580081800167,0.38303961011418364,0.2769549060786053
26,train,final_l1,0.0,0.0,0.0,0.0,0.0
26,train,grad,0.0,0.0,0.0,0.0,0.0
26,train,shadow_removal,0.0,0.0,0.0,0.0,0.0
26,train,shadow_mask,0.0,0.0,0.0,0.0,0.0
26,train,shadow_penumbra,0.0,0.0,0.0,0.0,0.0
26,train,cloud_l1,0.0415913241855595,100.0,4.1591324185559495,0.755500374179119,0.4603740555961149
26,train,cloud_kl,0.382387430797294,3.52,1.3460037564064748,0.24449963099868344,0.1489890548855383
26,train,cloud_adv,0.5245626598414296,0.85,0.44587826086521515,,0.04935423126728232
26,train,feature_matching,0.1275949273030601,10.625,1.3556961025950136,0.24626023163247066,0.15006189995850386
26,train,perceptual,0.1308738920006001,13.2,1.7275353744079212,0.3138042962878297,0.19122076107835487
26,val,final_l1,0.0,0.0,0.0,0.0,0.0
26,val,grad,0.0,0.0,0.0,0.0,0.0
26,val,shadow_removal,0.0,0.0,0.0,0.0,0.0
26,val,shadow_mask,0.0,0.0,0.0,0.0,0.0
26,val,shadow_penumbra,0.0,0.0,0.0,0.0,0.0
26,val,cloud_l1,0.0384376900778575,100.0,3.8437690077857503,0.7513985956632535,0.5481724252873129
26,val,cloud_kl,0.3612832288173112,3.52,1.2717169654369354,0.24860139617518617,0.18136370104721025
26,val,cloud_adv,0.0,0.85,0.0,,0.0
26,val,feature_matching,0.0,10.625,0.0,0.0,0.0
26,val,perceptual,0.1436730896292085,13.2,1.896484783105552,0.3707340373044788,0.2704638756828753
27,train,final_l1,0.0,0.0,0.0,0.0,0.0
27,train,grad,0.0,0.0,0.0,0.0,0.0
27,train,shadow_removal,0.0,0.0,0.0,0.0,0.0
27,train,shadow_mask,0.0,0.0,0.0,0.0,0.0
27,train,shadow_penumbra,0.0,0.0,0.0,0.0,0.0
27,train,cloud_l1,0.0416869670579876,100.0,4.16869670579876,0.7479679078218041,0.4527064453963374
27,train,cloud_kl,0.3817028113005722,3.68,1.4046663455861057,0.25203209104520974,0.15254204207122926
27,train,cloud_adv,0.5215343488465756,0.9,0.469380913961918,,0.05097318900677104
27,train,feature_matching,0.1223242134283031,11.25,1.3761474010684098,0.24691508283626162,0.14944498058889538
27,train,perceptual,0.129673685696238,13.8,1.7894968626080845,0.3210802605324547,0.19433334226313745
27,val,final_l1,0.0,0.0,0.0,0.0,0.0
27,val,grad,0.0,0.0,0.0,0.0,0.0
27,val,shadow_removal,0.0,0.0,0.0,0.0,0.0
27,val,shadow_mask,0.0,0.0,0.0,0.0,0.0
27,val,shadow_penumbra,0.0,0.0,0.0,0.0,0.0
27,val,cloud_l1,0.0358207865872166,100.0,3.5820786587216604,0.7309777020548296,0.5256880027527273
27,val,cloud_kl,0.3582378249954093,3.68,1.3183151959831063,0.2690222924606562,0.19346936469068188
27,val,cloud_adv,0.0,0.9,0.0,,0.0
27,val,feature_matching,0.0,11.25,0.0,0.0,0.0
27,val,perceptual,0.1386727064593949,13.8,1.9136833491396497,0.39051623101819427,0.2808426261832522
28,train,final_l1,0.0,0.0,0.0,0.0,0.0
28,train,grad,0.0,0.0,0.0,0.0,0.0
28,train,shadow_removal,0.0,0.0,0.0,0.0,0.0
28,train,shadow_mask,0.0,0.0,0.0,0.0,0.0
28,train,shadow_penumbra,0.0,0.0,0.0,0.0,0.0
28,train,cloud_l1,0.0418257468724651,100.0,4.182574687246509,0.7398808238298189,0.44155038023182497
28,train,cloud_kl,0.3829332548179393,3.84,1.4704636985008868,0.26011917873842305,0.15523543600308104
28,train,cloud_adv,0.5249105313684598,0.95,0.4986650048000368,,0.05264358414188049
28,train,feature_matching,0.1226952148897613,11.875,1.4570056768159154,0.2577385082385613,0.15381468561928352
28,train,perceptual,0.129428155970865,14.4,1.8637654459804558,0.3296926933073789,0.19675592257681182
28,val,final_l1,0.0,0.0,0.0,0.0,0.0
28,val,grad,0.0,0.0,0.0,0.0,0.0
28,val,shadow_removal,0.0,0.0,0.0,0.0,0.0
28,val,shadow_mask,0.0,0.0,0.0,0.0,0.0
28,val,shadow_penumbra,0.0,0.0,0.0,0.0,0.0
28,val,cloud_l1,0.0359448988244614,100.0,3.59448988244614,0.7239905514856905,0.5145514299574706
28,val,cloud_kl,0.3568593554876067,3.84,1.3703399250724098,0.2760094451568955,0.19616423777328212
28,val,cloud_adv,0.0,0.95,0.0,,0.0
28,val,feature_matching,0.0,11.875,0.0,0.0,0.0
28,val,perceptual,0.1403365846384655,14.4,2.020846818793903,0.40703244428415053,0.2892843363987377
29,train,final_l1,0.0,0.0,0.0,0.0,0.0
29,train,grad,0.0,0.0,0.0,0.0,0.0
29,train,shadow_removal,0.0,0.0,0.0,0.0,0.0
29,train,shadow_mask,0.0,0.0,0.0,0.0,0.0
29,train,shadow_penumbra,0.0,0.0,0.0,0.0,0.0
29,train,cloud_l1,0.0416086573803096,100.0,4.160865738030959,0.7315554410317309,0.4314939262878362
29,train,cloud_kl,0.3817078280704101,4.0,1.5268313122816404,0.2684445556192904,0.15833686525712942
29,train,cloud_adv,0.5224302534116517,1.0,0.5224302534116517,,0.0541775427156226
29,train,feature_matching,0.120488470163914,12.5,1.5061058770489248,0.2648006493106435,0.1561875771075866
29,train,perceptual,0.1284464556575733,15.0,1.9266968348635993,0.3387481455794556,0.19980408751065917
29,val,final_l1,0.0,0.0,0.0,0.0,0.0
29,val,grad,0.0,0.0,0.0,0.0,0.0
29,val,shadow_removal,0.0,0.0,0.0,0.0,0.0
29,val,shadow_mask,0.0,0.0,0.0,0.0,0.0
29,val,shadow_penumbra,0.0,0.0,0.0,0.0,0.0
29,val,cloud_l1,0.0363421949600292,100.0,3.6342194960029204,0.717345446852149,0.5063347318302194
29,val,cloud_kl,0.3579965105110949,4.0,1.4319860420443795,0.2826545475159545,0.19951031284175783
29,val,cloud_adv,0.0,1.0,0.0,,0.0
29,val,feature_matching,0.0,12.5,0.0,0.0,0.0
29,val,perceptual,0.1407532201741229,15.0,2.1112983026118433,0.41674153858649027,0.29415495157689997
30,train,final_l1,0.0,0.0,0.0,0.0,0.0
30,train,grad,0.0,0.0,0.0,0.0,0.0
30,train,shadow_removal,0.0,0.0,0.0,0.0,0.0
30,train,shadow_mask,0.0,0.0,0.0,0.0,0.0
30,train,shadow_penumbra,0.0,0.0,0.0,0.0,0.0
30,train,cloud_l1,0.041279004103524,100.0,4.1279004103524,0.7305545533699979,0.42749778195244426
30,train,cloud_kl,0.3806163261242963,4.0,1.5224653044971852,0.26944544441015383,0.1576710860416654
30,train,cloud_adv,0.5225661244778823,1.05,0.5486944307017765,,0.05682444554776544
30,train,feature_matching,0.1171466268097771,13.125,1.5375494768783244,0.27211503662929326,0.15923324830201288
30,train,perceptual,0.1279565242406789,15.0,1.9193478636101837,0.339685598456987,0.19877343756422364
30,val,final_l1,0.0,0.0,0.0,0.0,0.0
30,val,grad,0.0,0.0,0.0,0.0,0.0
30,val,shadow_removal,0.0,0.0,0.0,0.0,0.0
30,val,shadow_mask,0.0,0.0,0.0,0.0,0.0
30,val,shadow_penumbra,0.0,0.0,0.0,0.0,0.0
30,val,cloud_l1,0.0380373876118524,100.0,3.8037387611852402,0.7291400238918855,0.513403712858886
30,val,cloud_kl,0.3532519767230207,4.0,1.4130079068920829,0.27085998373602355,0.190718540689506
30,val,cloud_adv,0.0,1.05,0.0,,0.0
30,val,feature_matching,0.0,13.125,0.0,0.0,0.0
30,val,perceptual,0.1461412221701307,15.0,2.1921183325519604,0.420207935855387,0.2958777564964846
31,train,final_l1,0.0,0.0,0.0,0.0,0.0
31,train,grad,0.0,0.0,0.0,0.0,0.0
31,train,shadow_removal,0.0,0.0,0.0,0.0,0.0
31,train,shadow_mask,0.0,0.0,0.0,0.0,0.0
31,train,shadow_penumbra,0.0,0.0,0.0,0.0,0.0
31,train,cloud_l1,0.0414722533412391,100.0,4.14722533412391,0.7320901576142387,0.42824676297718967
31,train,cloud_kl,0.3794213244492125,4.0,1.51768529779685,0.26790983835162696,0.15671774828624596
31,train,cloud_adv,0.5140590870052303,1.1,0.5654649957057534,,0.05839049834003165
31,train,feature_matching,0.1118680312033366,13.750000000000002,1.5381854290458785,0.27152862997930305,0.15883461297063345
31,train,perceptual,0.1277089538309005,15.0,1.9156343074635076,0.33815790295813747,0.1978103732317688
31,val,final_l1,0.0,0.0,0.0,0.0,0.0
31,val,grad,0.0,0.0,0.0,0.0,0.0
31,val,shadow_removal,0.0,0.0,0.0,0.0,0.0
31,val,shadow_mask,0.0,0.0,0.0,0.0,0.0
31,val,shadow_penumbra,0.0,0.0,0.0,0.0,0.0
31,val,cloud_l1,0.0345329503655772,100.0,3.45329503655772,0.708270904696015,0.49876229447351844
31,val,cloud_kl,0.3555936881087043,4.0,1.4223747524348171,0.29172909990569224,0.2054347768190569
31,val,cloud_adv,0.0,1.1,0.0,,0.0
31,val,feature_matching,0.0,13.750000000000002,0.0,0.0,0.0
31,val,perceptual,0.1365372901359065,15.0,2.0480593520385977,0.4200570280799018,0.2958029275885315
32,train,final_l1,0.0,0.0,0.0,0.0,0.0
32,train,grad,0.0,0.0,0.0,0.0,0.0
32,train,shadow_removal,0.0,0.0,0.0,0.0,0.0
32,train,shadow_mask,0.0,0.0,0.0,0.0,0.0
32,train,shadow_penumbra,0.0,0.0,0.0,0.0,0.0
32,train,cloud_l1,0.0405751550199879,100.0,4.0575155019987905,0.7269128665922991,0.4181802197809916
32,train,cloud_kl,0.3810825620404806,4.0,1.5243302481619223,0.2730871317137026,0.1571022360558208
32,train,cloud_adv,0.5149609951889114,1.15,0.592205144467248,,0.06103451172195214
32,train,feature_matching,0.1122632196361045,14.374999999999998,1.613783782269002,0.2891129299817701,0.1663215966558376
32,train,perceptual,0.1276637909062412,15.0,1.9149568635936178,0.34306875289317135,0.19736143501958608
32,val,final_l1,0.0,0.0,0.0,0.0,0.0
32,val,grad,0.0,0.0,0.0,0.0,0.0
32,val,shadow_removal,0.0,0.0,0.0,0.0,0.0
32,val,shadow_mask,0.0,0.0,0.0,0.0,0.0
32,val,shadow_penumbra,0.0,0.0,0.0,0.0,0.0
32,val,cloud_l1,0.0355321092700416,100.0,3.55321092700416,0.7153478092030505,0.5028417670011459
32,val,cloud_kl,0.3534746667878194,4.0,1.4138986671512777,0.2846522018422791,0.20009149998600154
32,val,cloud_adv,0.0,1.15,0.0,,0.0
32,val,feature_matching,0.0,14.374999999999998,0.0,0.0,0.0
32,val,perceptual,0.1399433978579261,15.0,2.0991509678688915,0.4226101621604398,0.29706673866820604
33,train,final_l1,0.0,0.0,0.0,0.0,0.0
33,train,grad,0.0,0.0,0.0,0.0,0.0
33,train,shadow_removal,0.0,0.0,0.0,0.0,0.0
33,train,shadow_mask,0.0,0.0,0.0,0.0,0.0
33,train,shadow_penumbra,0.0,0.0,0.0,0.0,0.0
33,train,cloud_l1,0.0405328630409929,100.0,4.05328630409929,0.7269324362694781,0.4140026970841466
33,train,cloud_kl,0.3806478247183179,4.0,1.5225912988732715,0.27306756031846885,0.15551748803258164
33,train,cloud_adv,0.5182540187959642,1.2,0.621904822555157,,0.06352136378994007
33,train,feature_matching,0.1127456764118113,15.0,1.6911851461771694,0.3033038493357829,0.1727376650097214
33,train,perceptual,0.1267676837058789,15.0,1.9015152555881836,0.3410252850755537,0.194220784148406
33,val,final_l1,0.0,0.0,0.0,0.0,0.0
33,val,grad,0.0,0.0,0.0,0.0,0.0
33,val,shadow_removal,0.0,0.0,0.0,0.0,0.0
33,val,shadow_mask,0.0,0.0,0.0,0.0,0.0
33,val,shadow_penumbra,0.0,0.0,0.0,0.0,0.0
33,val,cloud_l1,0.0362506852146576,100.0,3.62506852146576,0.7177504096175727,0.5114990144405743
33,val,cloud_kl,0.3563822795721618,4.0,1.4255291182886471,0.28224959128765476,0.20114288453950568
33,val,cloud_adv,0.0,1.2,0.0,,0.0
33,val,feature_matching,0.0,15.0,0.0,0.0,0.0
33,val,perceptual,0.1357699338008057,15.0,2.0365490070120855,0.40322931148295865,0.2873581019995214
34,train,final_l1,0.0,0.0,0.0,0.0,0.0
34,train,grad,0.0,0.0,0.0,0.0,0.0
34,train,shadow_removal,0.0,0.0,0.0,0.0,0.0
34,train,shadow_mask,0.0,0.0,0.0,0.0,0.0
34,train,shadow_penumbra,0.0,0.0,0.0,0.0,0.0
34,train,cloud_l1,0.040228964604255,100.0,4.0228964604255,0.7251178207872153,0.41147750468888594
34,train,cloud_kl,0.3812561641227944,4.0,1.5250246564911776,0.2748821816420033,0.15598545635341643
34,train,cloud_adv,0.5138385793484679,1.25,0.6422982241855848,,0.0656967618117701
34,train,feature_matching,0.1074832850862123,15.625,1.6794263294720673,0.3027127275531852,0.17177826030523527
34,train,perceptual,0.1271376591460602,15.0,1.907064887190903,0.34374405324700336,0.19506201782237909
34,val,final_l1,0.0,0.0,0.0,0.0,0.0
34,val,grad,0.0,0.0,0.0,0.0,0.0
34,val,shadow_removal,0.0,0.0,0.0,0.0,0.0
34,val,shadow_mask,0.0,0.0,0.0,0.0,0.0
34,val,shadow_penumbra,0.0,0.0,0.0,0.0,0.0
34,val,cloud_l1,0.0349091660146686,100.0,3.49091660146686,0.7100254232686902,0.496425923009048
34,val,cloud_kl,0.3564228283410722,4.0,1.4256913133642888,0.2899745808297517,0.20274048536864417
34,val,cloud_adv,0.0,1.25,0.0,,0.0
34,val,feature_matching,0.0,15.625,0.0,0.0,0.0
34,val,perceptual,0.141032788648524,15.0,2.11549182972786,0.4302746680321229,0.3008335930309742
35,train,final_l1,0.0,0.0,0.0,0.0,0.0
35,train,grad,0.0,0.0,0.0,0.0,0.0
35,train,shadow_removal,0.0,0.0,0.0,0.0,0.0
35,train,shadow_mask,0.0,0.0,0.0,0.0,0.0
35,train,shadow_penumbra,0.0,0.0,0.0,0.0,0.0
35,train,cloud_l1,0.0408368623026558,100.0,4.08368623026558,0.7287198574454801,0.41058681300103056
35,train,cloud_kl,0.3800579094832096,4.0,1.5202316379328384,0.27128014250166327,0.15284892816106174
35,train,cloud_adv,0.5149888980005859,1.3,0.6694855674007617,,0.06731221008901768
35,train,feature_matching,0.110042418193767,16.25,1.7881892956487138,0.3190962711466494,0.1797902440450755
35,train,perceptual,0.1256254952662946,15.0,1.884382428994419,0.3362616071852994,0.1894618078788198
35,val,final_l1,0.0,0.0,0.0,0.0,0.0
35,val,grad,0.0,0.0,0.0,0.0,0.0
35,val,shadow_removal,0.0,0.0,0.0,0.0,0.0
35,val,shadow_mask,0.0,0.0,0.0,0.0,0.0
35,val,shadow_penumbra,0.0,0.0,0.0,0.0,0.0
35,val,cloud_l1,0.0370181836187839,100.0,3.70181836187839,0.7229911803922017,0.5059434904398082
35,val,cloud_kl,0.3545811884105205,4.0,1.418324753642082,0.2770088069082992,0.19384856475527687
35,val,cloud_adv,0.0,1.3,0.0,,0.0
35,val,feature_matching,0.0,16.25,0.0,0.0,0.0
35,val,perceptual,0.1464347013018348,15.0,2.196520519527522,0.42899591712086954,0.3002079383248042
36,train,final_l1,0.0,0.0,0.0,0.0,0.0
36,train,grad,0.0,0.0,0.0,0.0,0.0
36,train,shadow_removal,0.0,0.0,0.0,0.0,0.0
36,train,shadow_mask,0.0,0.0,0.0,0.0,0.0
36,train,shadow_penumbra,0.0,0.0,0.0,0.0,0.0
36,train,cloud_l1,0.0406603481996496,100.0,4.06603481996496,0.7277648909332438,0.40758375883607495
36,train,cloud_kl,0.3802455456796407,4.0,1.5209821827185628,0.2722351089770355,0.15246491055885053
36,train,cloud_adv,0.5136432621274883,1.35,0.6934184038721093,,0.0695090160341375
36,train,feature_matching,0.1068019093945622,16.875,1.8022822210332372,0.32258398712691827,0.18066273277474953
36,train,perceptual,0.1262154298113938,15.0,1.893231447170907,0.33886266071710525,0.18977958225926606
36,val,final_l1,0.0,0.0,0.0,0.0,0.0
36,val,grad,0.0,0.0,0.0,0.0,0.0
36,val,shadow_removal,0.0,0.0,0.0,0.0,0.0
36,val,shadow_mask,0.0,0.0,0.0,0.0,0.0
36,val,shadow_penumbra,0.0,0.0,0.0,0.0,0.0
36,val,cloud_l1,0.0358957609119401,100.0,3.5895760911940098,0.7173996085104165,0.5109119479529598
36,val,cloud_kl,0.3535043708980083,4.0,1.4140174835920332,0.2826003860579485,0.20126009551764135
36,val,cloud_adv,0.0,1.35,0.0,,0.0
36,val,feature_matching,0.0,16.875,0.0,0.0,0.0
36,val,perceptual,0.1348151860081336,15.0,2.0222277901220043,0.4041550835240396,0.28782795327572314
37,train,final_l1,0.0,0.0,0.0,0.0,0.0
37,train,grad,0.0,0.0,0.0,0.0,0.0
37,train,shadow_removal,0.0,0.0,0.0,0.0,0.0
37,train,shadow_mask,0.0,0.0,0.0,0.0,0.0
37,train,shadow_penumbra,0.0,0.0,0.0,0.0,0.0
37,train,cloud_l1,0.0396098806109814,100.0,3.96098806109814,0.7226146921260952,0.4008796371746594
37,train,cloud_kl,0.3801195558149151,4.0,1.5204782232596603,0.2773853104926057,0.15388300824701764
37,train,cloud_adv,0.5134831345682844,1.4,0.7188763883955982,,0.07275530784446785
37,train,feature_matching,0.1024222844493908,17.5,1.792389977864339,0.32699097095113594,0.18140237559881636
37,train,perceptual,0.1258672576978666,15.0,1.8880088654679992,0.34443500561151874,0.1910796743884958
37,val,final_l1,0.0,0.0,0.0,0.0,0.0
37,val,grad,0.0,0.0,0.0,0.0,0.0
37,val,shadow_removal,0.0,0.0,0.0,0.0,0.0
37,val,shadow_mask,0.0,0.0,0.0,0.0,0.0
37,val,shadow_penumbra,0.0,0.0,0.0,0.0,0.0
37,val,cloud_l1,0.0353164979553019,100.0,3.5316497955301904,0.7125284120135311,0.5046958340204751
37,val,cloud_kl,0.3562135022472251,4.0,1.4248540089889004,0.2874715849971642,0.20362094886481028
37,val,cloud_adv,0.0,1.4,0.0,,0.0
37,val,feature_matching,0.0,17.5,0.0,0.0,0.0
37,val,perceptual,0.1360717894170772,15.0,2.041076841256158,0.4117976936270696,0.2916832184214363
38,train,final_l1,0.0,0.0,0.0,0.0,0.0
38,train,grad,0.0,0.0,0.0,0.0,0.0
38,train,shadow_removal,0.0,0.0,0.0,0.0,0.0
38,train,shadow_mask,0.0,0.0,0.0,0.0,0.0
38,train,shadow_penumbra,0.0,0.0,0.0,0.0,0.0
38,train,cloud_l1,0.0404498894223288,100.0,4.04498894223288,0.7259597932987708,0.40062365776909975
38,train,cloud_kl,0.3817324418722672,4.0,1.5269297674890687,0.2740402098049261,0.15123012629802468
38,train,cloud_adv,0.5110092452906687,1.45,0.7409634056714696,,0.0733864725200683
38,train,feature_matching,0.1043923740198306,18.125,1.8921117791094297,0.33957993351205795,0.18739847072026364
38,train,perceptual,0.1261157457708218,15.0,1.891736186562327,0.33951252539506355,0.18736127129593888
38,val,final_l1,0.0,0.0,0.0,0.0,0.0
38,val,grad,0.0,0.0,0.0,0.0,0.0
38,val,shadow_removal,0.0,0.0,0.0,0.0,0.0
38,val,shadow_mask,0.0,0.0,0.0,0.0,0.0
38,val,shadow_penumbra,0.0,0.0,0.0,0.0,0.0
38,val,cloud_l1,0.0347277018961242,100.0,3.47277018961242,0.7099409323299052,0.5016153967018864
38,val,cloud_kl,0.3547155934978615,4.0,1.418862373991446,0.2900590657142593,0.20494394207943017
38,val,cloud_adv,0.0,1.45,0.0,,0.0
38,val,feature_matching,0.0,18.125,0.0,0.0,0.0
38,val,perceptual,0.1354360298084264,15.0,2.031540447126396,0.4153092892276271,0.2934406573603324
39,train,final_l1,0.0,0.0,0.0,0.0,0.0
39,train,grad,0.0,0.0,0.0,0.0,0.0
39,train,shadow_removal,0.0,0.0,0.0,0.0,0.0
39,train,shadow_mask,0.0,0.0,0.0,0.0,0.0
39,train,shadow_penumbra,0.0,0.0,0.0,0.0,0.0
39,train,cloud_l1,0.0395491303027314,100.0,3.95491303027314,0.7225938213642145,0.394741211282825
39,train,cloud_kl,0.3795760785220959,4.0,1.5183043140883836,0.27740618008864965,0.1515424686842722
39,train,cloud_adv,0.512439113919159,1.5,0.7686586708787384,,0.07672008271311195
39,train,feature_matching,0.1015779501060736,18.75,1.90458656448888,0.347982995635662,0.190097431145638
39,train,perceptual,0.1248359664340449,15.0,1.8725394965106736,0.34212774341225427,0.1868988024185465
39,val,final_l1,0.0,0.0,0.0,0.0,0.0
39,val,grad,0.0,0.0,0.0,0.0,0.0
39,val,shadow_removal,0.0,0.0,0.0,0.0,0.0
39,val,shadow_mask,0.0,0.0,0.0,0.0,0.0
39,val,shadow_penumbra,0.0,0.0,0.0,0.0,0.0
39,val,cloud_l1,0.0328357143708589,100.0,3.28357143708589,0.697269535528037,0.48915242327519404
39,val,cloud_kl,0.3564034683460539,4.0,1.4256138733842156,0.3027304696678467,0.2123731717679648
39,val,cloud_adv,0.0,1.5,0.0,,0.0
39,val,feature_matching,0.0,18.75,0.0,0.0,0.0
39,val,perceptual,0.1335728218440305,15.0,2.0035923276604573,0.42546474729211214,0.2984744084631478
40,train,final_l1,0.0,0.0,0.0,0.0,0.0
40,train,grad,0.0,0.0,0.0,0.0,0.0
40,train,shadow_removal,0.0,0.0,0.0,0.0,0.0
40,train,shadow_mask,0.0,0.0,0.0,0.0,0.0
40,train,shadow_penumbra,0.0,0.0,0.0,0.0,0.0
40,train,cloud_l1,0.0394626746654783,100.0,3.94626746654783,0.7219671003401407,0.3907627564498439
40,train,cloud_kl,0.3799315066694849,4.0,1.5197260266779395,0.27803290123969526,0.15048456199871799
40,train,cloud_adv,0.5113292542892859,1.55,0.7925603441483932,,0.0784799984688289
40,train,feature_matching,0.1014644309026773,19.375,1.9658733487393727,0.35965526747909926,0.19466244878142797
40,train,perceptual,0.1249637420457255,15.0,1.8744561306858825,0.342930546106633,0.18561023820108227
40,val,final_l1,0.0,0.0,0.0,0.0,0.0
40,val,grad,0.0,0.0,0.0,0.0,0.0
40,val,shadow_removal,0.0,0.0,0.0,0.0,0.0
40,val,shadow_mask,0.0,0.0,0.0,0.0,0.0
40,val,shadow_penumbra,0.0,0.0,0.0,0.0,0.0
40,val,cloud_l1,0.0342400883832438,100.0,3.42400883832438,0.7064002272559278,0.4996189936988436
40,val,cloud_kl,0.3557785569944165,4.0,1.423114227977666,0.29359977194057985,0.20765568433773676
40,val,cloud_adv,0.0,1.55,0.0,,0.0
40,val,feature_matching,0.0,19.375,0.0,0.0,0.0
40,val,perceptual,0.1337411202151667,15.0,2.0061168032275005,0.4138778351972198,0.29272531287079306
41,train,final_l1,0.0,0.0,0.0,0.0,0.0
41,train,grad,0.0,0.0,0.0,0.0,0.0
41,train,shadow_removal,0.0,0.0,0.0,0.0,0.0
41,train,shadow_mask,0.0,0.0,0.0,0.0,0.0
41,train,shadow_penumbra,0.0,0.0,0.0,0.0,0.0
41,train,cloud_l1,0.0396523969162494,100.0,3.9652396916249404,0.7228111699529043,0.3894717202289014
41,train,cloud_kl,0.3801546636797966,4.0,1.5206186547191864,0.27718882951546653,0.14935741829592716
41,train,cloud_adv,0.5113233546142549,1.6,0.8181173673828079,,0.08035670052852403
41,train,feature_matching,0.1000415410971787,20.0,2.0008308219435738,0.3647252069884857,0.19652456918437375
41,train,perceptual,0.125084374350601,15.0,1.876265615259015,0.34201860416463614,0.18428958993946895
41,val,final_l1,0.0,0.0,0.0,0.0,0.0
41,val,grad,0.0,0.0,0.0,0.0,0.0
41,val,shadow_removal,0.0,0.0,0.0,0.0,0.0
41,val,shadow_mask,0.0,0.0,0.0,0.0,0.0
41,val,shadow_penumbra,0.0,0.0,0.0,0.0,0.0
41,val,cloud_l1,0.0343521423849531,100.0,3.43521423849531,0.7075605268077166,0.49565386933543093
41,val,cloud_kl,0.3549492196603255,4.0,1.419796878641302,0.29243946888489325,0.2048570388079129
41,val,cloud_adv,0.0,1.6,0.0,,0.0
41,val,feature_matching,0.0,20.0,0.0,0.0,0.0
41,val,perceptual,0.1383773674765094,15.0,2.075660512147641,0.42752950572668186,0.2994890836046891
42,train,final_l1,0.0,0.0,0.0,0.0,0.0
42,train,grad,0.0,0.0,0.0,0.0,0.0
42,train,shadow_removal,0.0,0.0,0.0,0.0,0.0
42,train,shadow_mask,0.0,0.0,0.0,0.0,0.0
42,train,shadow_penumbra,0.0,0.0,0.0,0.0,0.0
42,train,cloud_l1,0.03920520388376,100.0,3.9205203883759996,0.7202264892586492,0.38584267688834095
42,train,cloud_kl,0.3807336155792259,4.0,1.5229344623169037,0.27977350772555587,0.14988140640923125
42,train,cloud_adv,0.5098627681305649,1.65,0.841273567415432,,0.08279493870491858
42,train,feature_matching,0.097215139950748,20.625,2.0050622614841775,0.3683436917240334,0.19733058718240992
42,train,perceptual,0.1247426131540846,15.0,1.871139197311269,0.34374110615248654,0.18415038954059412
42,val,final_l1,0.0,0.0,0.0,0.0,0.0
42,val,grad,0.0,0.0,0.0,0.0,0.0
42,val,shadow_removal,0.0,0.0,0.0,0.0,0.0
42,val,shadow_mask,0.0,0.0,0.0,0.0,0.0
42,val,shadow_penumbra,0.0,0.0,0.0,0.0,0.0
42,val,cloud_l1,0.0330902079374275,100.0,3.30902079374275,0.6991251291906032,0.49161813961376344
42,val,cloud_kl,0.3560168150473725,4.0,1.42406726018949,0.3008748718469025,0.21157234746396497
42,val,cloud_adv,0.0,1.65,0.0,,0.0
42,val,feature_matching,0.0,20.625,0.0,0.0,0.0
42,val,perceptual,0.1331858713264492,15.0,1.997788069896738,0.42208977504859563,0.29680951419900925
43,train,final_l1,0.0,0.0,0.0,0.0,0.0
43,train,grad,0.0,0.0,0.0,0.0,0.0
43,train,shadow_removal,0.0,0.0,0.0,0.0,0.0
43,train,shadow_mask,0.0,0.0,0.0,0.0,0.0
43,train,shadow_penumbra,0.0,0.0,0.0,0.0,0.0
43,train,cloud_l1,0.0389636357967095,100.0,3.89636357967095,0.7193331519252858,0.38150013183139636
43,train,cloud_kl,0.3800673179487934,4.0,1.5202692717951736,0.2806668486383744,0.14885236342807093
43,train,cloud_adv,0.5119984743700844,1.7,0.8703974064291434,,0.08522221258583523
43,train,feature_matching,0.0974093659863513,21.25,2.069949027209965,0.38214682167657693,0.20267252031740882
43,train,perceptual,0.1237526648999718,15.0,1.856289973499577,0.3427018270295818,0.18175276899267023
43,val,final_l1,0.0,0.0,0.0,0.0,0.0
43,val,grad,0.0,0.0,0.0,0.0,0.0
43,val,shadow_removal,0.0,0.0,0.0,0.0,0.0
43,val,shadow_mask,0.0,0.0,0.0,0.0,0.0
43,val,shadow_penumbra,0.0,0.0,0.0,0.0,0.0
43,val,cloud_l1,0.0339747220701114,100.0,3.3974722070111403,0.7034664821078891,0.49699347491425844
43,val,cloud_kl,0.358035669746724,4.0,1.432142678986896,0.29653351400033284,0.20949856929922459
43,val,cloud_adv,0.0,1.7,0.0,,0.0
43,val,feature_matching,0.0,21.25,0.0,0.0,0.0
43,val,perceptual,0.1337623346427625,15.0,2.0064350196414376,0.415444100449887,0.29350795292554005
44,train,final_l1,0.0,0.0,0.0,0.0,0.0
44,train,grad,0.0,0.0,0.0,0.0,0.0
44,train,shadow_removal,0.0,0.0,0.0,0.0,0.0
44,train,shadow_mask,0.0,0.0,0.0,0.0,0.0
44,train,shadow_penumbra,0.0,0.0,0.0,0.0,0.0
44,train,cloud_l1,0.0395061291087794,100.0,3.95061291087794,0.7216337621895907,0.3830523709528133
44,train,cloud_kl,0.3809817774215605,4.0,1.523927109686242,0.27836623791653714,0.14776033635622837
44,train,cloud_adv,0.5125926494689528,1.75,0.8970371365706673,,0.08697693490799537
44,train,feature_matching,0.0954379106413242,21.875,2.087704295278967,0.38134789181528006,0.20242430685958146
44,train,perceptual,0.1236149659636644,15.0,1.854224489454966,0.3386995953425623,0.17978604914918203
44,val,final_l1,0.0,0.0,0.0,0.0,0.0
44,val,grad,0.0,0.0,0.0,0.0,0.0
44,val,shadow_removal,0.0,0.0,0.0,0.0,0.0
44,val,shadow_mask,0.0,0.0,0.0,0.0,0.0
44,val,shadow_penumbra,0.0,0.0,0.0,0.0,0.0
44,val,cloud_l1,0.0354957486799156,100.0,3.5495748679915597,0.7141583228267722,0.5082090288613488
44,val,cloud_kl,0.3551791008900512,4.0,1.420716403560205,0.2858416801201704,0.20341052959653663
44,val,cloud_adv,0.0,1.75,0.0,,0.0
44,val,feature_matching,0.0,21.875,0.0,0.0,0.0
44,val,perceptual,0.1342791262590749,15.0,2.0141868938861234,0.40524524414702384,0.2883804408572225
45,train,final_l1,0.0,0.0,0.0,0.0,0.0
45,train,grad,0.0,0.0,0.0,0.0,0.0
45,train,shadow_removal,0.0,0.0,0.0,0.0,0.0
45,train,shadow_mask,0.0,0.0,0.0,0.0,0.0
45,train,shadow_penumbra,0.0,0.0,0.0,0.0,0.0
45,train,cloud_l1,0.039253437139709,100.0,3.9253437139709004,0.7208761174624014,0.37808183468964884
45,train,cloud_kl,0.3799741580763359,4.0,1.5198966323053436,0.27912388393934606,0.14639362796062216
45,train,cloud_adv,0.5114739418303201,1.8,0.9206530952945763,,0.08867560059589165
45,train,feature_matching,0.0953288983542255,22.5,2.144900212970074,0.3939036809354951,0.20659281500869756
45,train,perceptual,0.124764389959406,15.0,1.87146584939109,0.34368838343273944,0.18025612365573618
45,val,final_l1,0.0,0.0,0.0,0.0,0.0
45,val,grad,0.0,0.0,0.0,0.0,0.0
45,val,shadow_removal,0.0,0.0,0.0,0.0,0.0
45,val,shadow_mask,0.0,0.0,0.0,0.0,0.0
45,val,shadow_penumbra,0.0,0.0,0.0,0.0,0.0
45,val,cloud_l1,0.0371665809176523,100.0,3.71665809176523,0.7226997165837464,0.5166257421521354
45,val,cloud_kl,0.3565209572288123,4.0,1.426083828915249,0.27730029331060035,0.19822959182521377
45,val,cloud_adv,0.0,1.8,0.0,,0.0
45,val,feature_matching,0.0,22.5,0.0,0.0,0.0
45,val,perceptual,0.1367573154328221,15.0,2.0513597314923313,0.39888444402393103,0.2851446696297762
46,train,final_l1,0.0,0.0,0.0,0.0,0.0
46,train,grad,0.0,0.0,0.0,0.0,0.0
46,train,shadow_removal,0.0,0.0,0.0,0.0,0.0
46,train,shadow_mask,0.0,0.0,0.0,0.0,0.0
46,train,shadow_penumbra,0.0,0.0,0.0,0.0,0.0
46,train,cloud_l1,0.0390531294907953,100.0,3.90531294907953,0.7199656361406489,0.37516695167588665
46,train,cloud_kl,0.3797479286470909,4.0,1.5189917145883636,0.2800343660919029,0.1459231305182246
46,train,cloud_adv,0.5123194354936618,1.85,0.9477909556632743,,0.0910502815775558
46,train,feature_matching,0.0941861216035822,23.125,2.1780540620828384,0.4015360865576207,0.20923647188108108
46,train,perceptual,0.1239589224669182,15.0,1.859383837003773,0.3427875011536752,0.17862316675249712
46,val,final_l1,0.0,0.0,0.0,0.0,0.0
46,val,grad,0.0,0.0,0.0,0.0,0.0
46,val,shadow_removal,0.0,0.0,0.0,0.0,0.0
46,val,shadow_mask,0.0,0.0,0.0,0.0,0.0
46,val,shadow_penumbra,0.0,0.0,0.0,0.0,0.0
46,val,cloud_l1,0.0363481323107738,100.0,3.63481323107738,0.7173677395983624,0.5076652754696378
46,val,cloud_kl,0.3580156378448009,4.0,1.4320625513792036,0.2826322592486714,0.20001259581092315
46,val,cloud_adv,0.0,1.85,0.0,,0.0
46,val,feature_matching,0.0,23.125,0.0,0.0,0.0
46,val,perceptual,0.139532403089106,15.0,2.09298604633659,0.41307230210184886,0.2923221277734347
47,train,final_l1,0.0,0.0,0.0,0.0,0.0
47,train,grad,0.0,0.0,0.0,0.0,0.0
47,train,shadow_removal,0.0,0.0,0.0,0.0,0.0
47,train,shadow_mask,0.0,0.0,0.0,0.0,0.0
47,train,shadow_penumbra,0.0,0.0,0.0,0.0,0.0
47,train,cloud_l1,0.0384723634661292,100.0,3.8472363466129202,0.7175085764997597,0.3750685865520078
47,train,cloud_kl,0.3786753540009898,4.0,1.5147014160039591,0.28249141952924,0.1476688375667629
47,train,cloud_adv,0.5068724120793358,1.9,0.9630575829507378,,0.09388886303372948
47,train,feature_matching,0.0876065776982438,23.75,2.08065622033329,0.3880418431144835,0.2028439943254588
47,train,perceptual,0.1234512875705319,15.0,1.8517693135579787,0.34535449462226714,0.18052971964356734
47,val,final_l1,0.0,0.0,0.0,0.0,0.0
47,val,grad,0.0,0.0,0.0,0.0,0.0
47,val,shadow_removal,0.0,0.0,0.0,0.0,0.0
47,val,shadow_mask,0.0,0.0,0.0,0.0,0.0
47,val,shadow_penumbra,0.0,0.0,0.0,0.0,0.0
47,val,cloud_l1,0.0358421324582939,100.0,3.5842132458293903,0.7135467633951871,0.5051895063239112
47,val,cloud_kl,0.3597204678437926,4.0,1.4388818713751703,0.2864532414254223,0.20280825174235434
47,val,cloud_adv,0.0,1.9,0.0,,0.0
47,val,feature_matching,0.0,23.75,0.0,0.0,0.0
47,val,perceptual,0.1381129664368927,15.0,2.0716944965533903,0.4124338596425293,0.29200224656989887
48,train,final_l1,0.0,0.0,0.0,0.0,0.0
48,train,grad,0.0,0.0,0.0,0.0,0.0
48,train,shadow_removal,0.0,0.0,0.0,0.0,0.0
48,train,shadow_mask,0.0,0.0,0.0,0.0,0.0
48,train,shadow_penumbra,0.0,0.0,0.0,0.0,0.0
48,train,cloud_l1,0.0387095500905898,100.0,3.87095500905898,0.7179326237984661,0.3711601601856787
48,train,cloud_kl,0.380213298017461,4.0,1.520853192069844,0.2820673761487108,0.1458245092145279
48,train,cloud_adv,0.5068057667953888,1.95,0.9882712452510082,,0.09475876439685985
48,train,feature_matching,0.0900346125171317,24.375,2.194593680105085,0.40702369189054266,0.21042500880119908
48,train,perceptual,0.1236443673388673,15.0,1.8546655100830094,0.34397839107050376,0.177831554797793
48,val,final_l1,0.0,0.0,0.0,0.0,0.0
48,val,grad,0.0,0.0,0.0,0.0,0.0
48,val,shadow_removal,0.0,0.0,0.0,0.0,0.0
48,val,shadow_mask,0.0,0.0,0.0,0.0,0.0
48,val,shadow_penumbra,0.0,0.0,0.0,0.0,0.0
48,val,cloud_l1,0.034329645272175,100.0,3.4329645272174996,0.7062482050135173,0.49482076917512524
48,val,cloud_kl,0.3569706397300417,4.0,1.4278825589201667,0.2937517956309441,0.20581218957986014
48,val,cloud_adv,0.0,1.95,0.0,,0.0
48,val,feature_matching,0.0,24.375,0.0,0.0,0.0
48,val,perceptual,0.1384631251408295,15.0,2.0769468771124426,0.42728085077476813,0.2993670465047427
49,train,final_l1,0.0,0.0,0.0,0.0,0.0
49,train,grad,0.0,0.0,0.0,0.0,0.0
49,train,shadow_removal,0.0,0.0,0.0,0.0,0.0
49,train,shadow_mask,0.0,0.0,0.0,0.0,0.0
49,train,shadow_penumbra,0.0,0.0,0.0,0.0,0.0
49,train,cloud_l1,0.038214799190447,100.0,3.8214799190447,0.7155804556034616,0.36801793274570077
49,train,cloud_kl,0.3797279421342622,4.0,1.5189117685370488,0.28441954383549584,0.14627494607373404
49,train,cloud_adv,0.5051141383542198,2.0,1.0102282767084396,,0.09728747235925041
49,train,feature_matching,0.0874884041561673,25.0,2.1872101039041825,0.40955986576098563,0.21063372252929305
49,train,perceptual,0.1230746834775267,15.0,1.8461202521629005,0.34569004655969604,0.17778592932415602
49,val,final_l1,0.0,0.0,0.0,0.0,0.0
49,val,grad,0.0,0.0,0.0,0.0,0.0
49,val,shadow_removal,0.0,0.0,0.0,0.0,0.0
49,val,shadow_mask,0.0,0.0,0.0,0.0,0.0
49,val,shadow_penumbra,0.0,0.0,0.0,0.0,0.0
49,val,cloud_l1,0.0359897054308517,100.0,3.5989705430851697,0.7164842561839735,0.5115268238545222
49,val,cloud_kl,0.3560318428684365,4.0,1.424127371473746,0.2835157521425307,0.2024132574504973
49,val,cloud_adv,0.0,2.0,0.0,,0.0
49,val,feature_matching,0.0,25.0,0.0,0.0,0.0
49,val,perceptual,0.1341762482188642,15.0,2.012643723282963,0.4006777837652369,0.286059927136589
50,train,final_l1,0.0,0.0,0.0,0.0,0.0
50,train,grad,0.0,0.0,0.0,0.0,0.0
50,train,shadow_removal,0.0,0.0,0.0,0.0,0.0
50,train,shadow_mask,0.0,0.0,0.0,0.0,0.0
50,train,shadow_penumbra,0.0,0.0,0.0,0.0,0.0
50,train,cloud_l1,0.0386483694913737,100.0,3.86483694913737,0.7177081946013261,0.37057602270704726
50,train,cloud_kl,0.3800332102389146,4.0,1.5201328409556585,0.28229180459475367,0.14575641601476777
50,train,cloud_adv,0.506089331633454,2.0,1.012178663266908,,0.09705173807813709
50,train,feature_matching,0.0870235345015923,25.0,2.1755883625398074,0.4040112471556174,0.20860411268260298
50,train,perceptual,0.1237687989385849,15.0,1.8565319840787735,0.34476181946309437,0.17801171116465686
50,val,final_l1,0.0,0.0,0.0,0.0,0.0
50,val,grad,0.0,0.0,0.0,0.0,0.0
50,val,shadow_removal,0.0,0.0,0.0,0.0,0.0
50,val,shadow_mask,0.0,0.0,0.0,0.0,0.0
50,val,shadow_penumbra,0.0,0.0,0.0,0.0,0.0
50,val,cloud_l1,0.0349368080496788,100.0,3.4936808049678802,0.7113216312374244,0.49962339243744225
50,val,cloud_kl,0.3544634468853473,4.0,1.4178537875413892,0.2886783668319046,0.2027640642798271
50,val,cloud_adv,0.0,2.0,0.0,,0.0
50,val,feature_matching,0.0,25.0,0.0,0.0,0.0
50,val,perceptual,0.1387395971793342,15.0,2.081093957690013,0.4237156258343462,0.2976125413757444
