epoch,split,total,recon_total,gan_total,pixel_total,perceptual_total,cloud_l1,cloud_kl,cloud_adv,feature_matching,perceptual,disc_total,disc_real_loss,disc_fake_loss,disc_real_gp,disc_real_logit,disc_fake_logit,w_cloud_l1,w_cloud_kl,w_cloud_adv,w_feature_matching,w_perceptual
1,train,6.379978197430252,6.379978197430252,0.0,6.379978197430252,0.0,0.05316648515516647,0.0,0.0,0.0,0.0,,,,,,,120.0,0.0,0.0,0.0,0.0
1,val,4.39611447670243,4.39611447670243,0.0,4.39611447670243,0.0,0.03663428741591898,0.0,0.0,0.0,0.0,,,,,,,120.0,0.0,0.0,0.0,0.0
2,train,5.446074363653084,5.446074363653084,0.0,5.446074363653084,0.0,0.045383952905506536,0.0,0.0,0.0,0.0,,,,,,,120.0,0.0,0.0,0.0,0.0
2,val,5.241909466006539,5.241909466006539,0.0,5.241909466006539,0.0,0.0436825791627846,0.0,0.0,0.0,0.0,,,,,,,120.0,0.0,0.0,0.0,0.0
3,train,5.257779411948785,5.257779411948785,0.0,5.257779411948785,0.0,0.043814828485501105,0.0,0.0,0.0,0.0,,,,,,,120.0,0.0,0.0,0.0,0.0
3,val,5.2004418698224155,5.2004418698224155,0.0,5.2004418698224155,0.0,0.043337015392766756,0.0,0.0,0.0,0.0,,,,,,,120.0,0.0,0.0,0.0,0.0
4,train,5.108765885006033,5.108765885006033,0.0,5.108765885006033,0.0,0.04257304907209647,0.0,0.0,0.0,0.0,,,,,,,120.0,0.0,0.0,0.0,0.0
4,val,4.92140318588777,4.92140318588777,0.0,4.92140318588777,0.0,0.0410116930830885,0.0,0.0,0.0,0.0,,,,,,,120.0,0.0,0.0,0.0,0.0
5,train,4.956424369724519,4.956424369724519,0.0,4.956424369724519,0.0,0.04130353644171257,0.0,0.0,0.0,0.0,,,,,,,120.0,0.0,0.0,0.0,0.0
5,val,4.070216333324259,4.070216333324259,0.0,4.070216333324259,0.0,0.0339184694246135,0.0,0.0,0.0,0.0,,,,,,,120.0,0.0,0.0,0.0,0.0
6,train,4.960525309273956,4.960525309273956,0.0,4.960525309273956,0.0,0.04133771085935084,0.0,0.0,0.0,0.0,,,,,,,120.0,0.0,0.0,0.0,0.0
6,val,4.414645736867731,4.414645736867731,0.0,4.414645736867731,0.0,0.03678871441463178,0.0,0.0,0.0,0.0,,,,,,,120.0,0.0,0.0,0.0,0.0
7,train,4.890358566508745,4.890358566508745,0.0,4.890358566508745,0.0,0.040752988077973555,0.0,0.0,0.0,0.0,,,,,,,120.0,0.0,0.0,0.0,0.0
7,val,4.1426087807525285,4.1426087807525285,0.0,4.1426087807525285,0.0,0.03452173984524878,0.0,0.0,0.0,0.0,,,,,,,120.0,0.0,0.0,0.0,0.0
8,train,4.944841690384284,4.944841690384284,0.0,4.919908500957197,0.024933197999811682,0.040999237559052236,0.0,0.0,0.0,0.16622131317853928,,,,,,,120.0,0.0,0.0,0.0,0.15000000000000002
8,val,4.624514999714765,4.624514999714765,0.0,4.595248084176671,0.029266922269016504,0.03829373400235041,0.0,0.0,0.0,0.1951128075915304,,,,,,,120.0,0.0,0.0,0.0,0.15000000000000002
9,train,4.9041854427495135,4.9041854427495135,0.0,4.855055574247961,0.04912987548504765,0.04045879652877466,0.0,0.0,0.0,0.1637662448763665,,,,,,,120.0,0.0,0.0,0.0,0.30000000000000004
9,val,3.9438731968402863,3.9438731968402863,0.0,3.8923059674826535,0.05156722201288424,0.03243588306941092,0.0,0.0,0.0,0.17189073156226764,,,,,,,120.0,0.0,0.0,0.0,0.30000000000000004
10,train,4.971513486418885,4.971513486418885,0.0,4.897789388257064,0.07372409658967902,0.0408149114482401,0.0,0.0,0.0,0.16383133006114114,,,,,,,120.0,0.0,0.0,0.0,0.44999999999999996
10,val,5.509787835858085,5.509787835858085,0.0,5.414715420116078,0.09507244888862426,0.045122628481211985,0.0,0.0,0.0,0.21127211361784826,,,,,,,120.0,0.0,0.0,0.0,0.44999999999999996
11,train,5.0048182998593065,5.0048182998593065,0.0,4.906861534176981,0.09795678328346769,0.040890512780061374,0.0,0.0,0.0,0.16326129860287414,,,,,,,120.0,0.0,0.0,0.0,0.6000000000000001
11,val,3.9512196725065056,3.9512196725065056,0.0,3.8456581912257453,0.10556145329875025,0.032047152032398364,0.0,0.0,0.0,0.17593574849888682,,,,,,,120.0,0.0,0.0,0.0,0.6000000000000001
12,train,4.844766373663503,4.844766373663503,0.0,4.7230483913275805,0.12171797497647982,0.03935873648009351,0.0,0.0,0.0,0.16229063258805407,,,,,,,120.0,0.0,0.0,0.0,0.75
12,val,4.005289316177368,4.005289316177368,0.0,3.875999252904545,0.12929006111384791,0.03229999375021593,0.0,0.0,0.0,0.17238674854690378,,,,,,,120.0,0.0,0.0,0.0,0.75
13,train,4.8746722440836265,4.8746722440836265,0.0,4.732009246079564,0.14266299406231725,0.039433410291528664,0.0,0.0,0.0,0.15851444192800318,,,,,,,120.0,0.0,0.0,0.0,0.8999999999999999
13,val,4.122351933609355,4.122351933609355,0.0,3.9678459600968794,0.1545059705068442,0.03306538298387419,0.0,0.0,0.0,0.17167330423200672,,,,,,,120.0,0.0,0.0,0.0,0.8999999999999999
14,train,4.9745559670509545,4.9745559670509545,0.0,4.808649543593054,0.1659064196642568,0.040072079491587954,0.0,0.0,0.0,0.15800612091744712,,,,,,,120.0,0.0,0.0,0.0,1.0499999999999998
14,val,4.601183587854559,4.601183587854559,0.0,4.4178732362660496,0.1833103173835711,0.03681561033326117,0.0,0.0,0.0,0.17458126253702425,,,,,,,120.0,0.0,0.0,0.0,1.0499999999999998
15,train,4.9259892279219555,4.9259892279219555,0.0,4.73980156653518,0.186187656351368,0.03949834631089497,0.0,0.0,0.0,0.15515637406879973,,,,,,,120.0,0.0,0.0,0.0,1.2000000000000002
15,val,3.909712105989456,3.909712105989456,0.0,3.713216486302289,0.19649565465409646,0.030943470689552752,0.0,0.0,0.0,0.1637463720346039,,,,,,,120.0,0.0,0.0,0.0,1.2000000000000002
16,train,4.882796247435637,4.882796247435637,0.0,4.677188726375592,0.20560751039682906,0.0389765727245434,0.0,0.0,0.0,0.15230185682073646,,,,,,,120.0,0.0,0.0,0.0,1.35
16,val,4.29389981248162,4.29389981248162,0.0,4.06738005713983,0.22651976101439109,0.03389483357949013,0.0,0.0,0.0,0.16779241253706542,,,,,,,120.0,0.0,0.0,0.0,1.35
17,train,4.813101179373739,4.813101179373739,0.0,4.589320957842952,0.22378023433575936,0.03824434122668767,0.0,0.0,0.0,0.14918682284493695,,,,,,,120.0,0.0,0.0,0.0,1.5
17,val,3.9759132211858574,3.9759132211858574,0.0,3.7326086434451016,0.24330461482432755,0.031105071962387723,0.0,0.0,0.0,0.16220307544889775,,,,,,,120.0,0.0,0.0,0.0,1.5
18,train,5.08046052616306,5.08046052616306,0.0,4.835157418105216,0.24530310306800615,0.04029297854591856,0.0,0.0,0.0,0.1486685497270447,,,,,,,120.0,0.0,0.0,0.0,1.6500000000000001
18,val,4.180316402153536,4.180316402153536,0.0,3.909044100479646,0.271272308785807,0.03257536725141108,0.0,0.0,0.0,0.1644074616276405,,,,,,,120.0,0.0,0.0,0.0,1.6500000000000001
19,train,4.973736950016897,4.973736950016897,0.0,4.706843496827175,0.26689344170625784,0.039223695774804744,0.0,0.0,0.0,0.1482741384559086,,,,,,,120.0,0.0,0.0,0.0,1.7999999999999998
19,val,4.23156141963872,4.23156141963872,0.0,3.935279656540264,0.2962817440486767,0.03279399683445015,0.0,0.0,0.0,0.16460097297518092,,,,,,,120.0,0.0,0.0,0.0,1.7999999999999998
20,train,4.89577464882387,4.89577464882387,0.0,4.610520486802501,0.285254144089849,0.03842100395681479,0.0,0.0,0.0,0.14628417285256065,,,,,,,120.0,0.0,0.0,0.0,1.9500000000000002
20,val,4.087144090370699,4.087144090370699,0.0,3.784371852874756,0.30277222547341476,0.031536432152444664,0.0,0.0,0.0,0.15526780409907753,,,,,,,120.0,0.0,0.0,0.0,1.9500000000000002
21,train,4.850692747200665,4.850692747200665,0.0,4.544601944608426,0.30609080106566805,0.03787168284268645,0.0,0.0,0.0,0.14575753076178583,,,,,,,120.0,0.0,0.0,0.0,2.0999999999999996
21,val,4.065900426019322,4.065900426019322,0.0,3.734029718420722,0.33187069540674036,0.031116914342750202,0.0,0.0,0.0,0.15803367145020852,,,,,,,120.0,0.0,0.0,0.0,2.0999999999999996
22,train,4.911117721041408,4.911117721041408,0.0,4.590767954832188,0.32034977746483745,0.038256399615437066,0.0,0.0,0.0,0.14237767877199597,,,,,,,120.0,0.0,0.0,0.0,2.25
22,val,4.039821795441887,4.039821795441887,0.0,3.6915599649602715,0.3482618063518947,0.030762999741868538,0.0,0.0,0.0,0.15478302546861497,,,,,,,120.0,0.0,0.0,0.0,2.25
23,train,4.873596314625638,4.873596314625638,0.0,4.532855217063099,0.340741102324531,0.037773793474956206,0.0,0.0,0.0,0.14197545357344712,,,,,,,120.0,0.0,0.0,0.0,2.4000000000000004
23,val,3.986765135418285,3.986765135418285,0.0,3.6183230768550527,0.36844209784811194,0.030152692247859457,0.0,0.0,0.0,0.1535175343636762,,,,,,,120.0,0.0,0.0,0.0,2.4000000000000004
24,train,4.939635890339493,4.939635890339493,0.0,4.579406399245656,0.36022946858260246,0.03816172004953619,0.0,0.0,0.0,0.14126646129089757,,,,,,,120.0,0.0,0.0,0.0,2.55
24,val,4.114743552424691,4.114743552424691,0.0,3.7114392166787926,0.40330435589633207,0.03092866012064571,0.0,0.0,0.0,0.15815857404165648,,,,,,,120.0,0.0,0.0,0.0,2.55
25,train,4.974021328698605,4.974021328698605,0.0,4.595179652219883,0.3788416841115791,0.03829316381615692,0.0,0.0,0.0,0.14031173258062896,,,,,,,120.0,0.0,0.0,0.0,2.7
25,val,4.081115874377164,4.081115874377164,0.0,3.6622888906435533,0.418827008117329,0.03051907441113144,0.0,0.0,0.0,0.15512111207300966,,,,,,,120.0,0.0,0.0,0.0,2.7
26,train,4.964147825488986,4.964147825488986,0.0,4.5655215530220525,0.3986262821731947,0.038046013025584025,0.0,0.0,0.0,0.13986887521927874,,,,,,,120.0,0.0,0.0,0.0,2.8499999999999996
26,val,4.333608090877533,4.333608090877533,0.0,3.8872401199557562,0.44636797278442164,0.03239366774108599,0.0,0.0,0.0,0.1566203466870568,,,,,,,120.0,0.0,0.0,0.0,2.8499999999999996
27,train,4.910203233042259,4.910203233042259,0.0,4.494846780001206,0.415356450261326,0.03745705651159224,0.0,0.0,0.0,0.13845215044027076,,,,,,,120.0,0.0,0.0,0.0,3.0
27,val,4.04936897483739,4.04936897483739,0.0,3.602981521324678,0.4463874457234686,0.0300248461690816,0.0,0.0,0.0,0.1487958151847124,,,,,,,120.0,0.0,0.0,0.0,3.0
28,train,4.889148532797437,4.889148532797437,0.0,4.45172984337588,0.4374187064189065,0.03709774867657128,0.0,0.0,0.0,0.1388630772789866,,,,,,,120.0,0.0,0.0,0.0,3.1500000000000004
28,val,4.179846801541069,4.179846801541069,0.0,3.704115144231103,0.47573166797784244,0.030867626128548927,0.0,0.0,0.0,0.1510259211063385,,,,,,,120.0,0.0,0.0,0.0,3.1500000000000004
29,train,4.846927042401165,4.846927042401165,0.0,4.391116794460775,0.45581025491249305,0.03659263999409267,0.0,0.0,0.0,0.13812432173833206,,,,,,,120.0,0.0,0.0,0.0,3.3000000000000003
29,val,4.228613466024399,4.228613466024399,0.0,3.7248694652860816,0.5037440312179652,0.031040578890083867,0.0,0.0,0.0,0.15264970843087544,,,,,,,120.0,0.0,0.0,0.0,3.3000000000000003
30,train,4.957110302163921,4.957110302163921,0.0,4.483455793390945,0.4736545064033718,0.03736213164045176,0.0,0.0,0.0,0.13729115910486345,,,,,,,120.0,0.0,0.0,0.11428571428571428,3.4499999999999997
30,val,4.4504833627830855,4.4504833627830855,0.0,3.9039329263296993,0.5465503793887116,0.032532774271782146,0.0,0.0,0.0,0.15842039832337337,,,,,,,120.0,0.0,0.0,0.11428571428571428,3.4499999999999997
31,train,4.913886326168655,4.913886326168655,0.0,4.424419637120098,0.4894666866333842,0.03687016357773123,0.0,0.0,0.0,0.1359629724801316,,,,,,,120.0,0.0,0.0,0.22857142857142856,3.5999999999999996
31,val,4.356912344694138,4.356912344694138,0.0,3.8167891150171105,0.5401232259517367,0.03180657585405491,0.0,0.0,0.0,0.15003423299640417,,,,,,,120.0,0.0,0.0,0.22857142857142856,3.5999999999999996
32,train,4.930943948777808,4.930943948777808,0.0,4.417124206502138,0.5138197503414358,0.03680936836378381,0.0,0.0,0.0,0.13701860008573313,,,,,,,120.0,0.0,0.0,0.34285714285714286,3.75
32,val,4.01005450703881,4.01005450703881,0.0,3.4723883515054528,0.5376661223444071,0.02893656960011206,0.0,0.0,0.0,0.1433776324953545,,,,,,,120.0,0.0,0.0,0.34285714285714286,3.75
33,train,4.8871472749505935,4.8871472749505935,0.0,4.3625943380029195,0.5245529407299258,0.036354952773779904,0.0,0.0,0.0,0.13450075086741636,,,,,,,120.0,0.0,0.0,0.45714285714285713,3.9000000000000004
33,val,3.898782792416486,3.898782792416486,0.0,3.338064123283733,0.5607186618515037,0.02781720116565173,0.0,0.0,0.0,0.14377401138401844,,,,,,,120.0,0.0,0.0,0.45714285714285713,3.9000000000000004
34,train,5.009724155843076,5.009724155843076,0.0,4.468528404148347,0.5411957514668824,0.037237736721172796,0.0,0.0,0.0,0.13362857425978425,,,,,,,120.0,0.0,0.0,0.5714285714285714,4.050000000000001
34,val,3.98822882771492,3.98822882771492,0.0,3.408590002493425,0.5796388387680054,0.028404916763644327,0.0,0.0,0.0,0.14312069359320131,,,,,,,120.0,0.0,0.0,0.5714285714285714,4.050000000000001
35,train,5.015420205367086,5.015420205367086,0.0,4.454025900692021,0.5613943033991239,0.037116882542222285,0.0,0.0,0.0,0.13366531647901286,,,,,,,120.0,0.0,0.0,0.6857142857142857,4.199999999999999
35,val,4.0473746521906415,4.0473746521906415,0.0,3.446023252877322,0.6013513903387568,0.028716860254379837,0.0,0.0,0.0,0.14317890933968805,,,,,,,120.0,0.0,0.0,0.6857142857142857,4.199999999999999
36,train,4.8952791431992795,4.8952791431992795,0.0,4.317552069276116,0.5777270643080411,0.03597960062894617,0.0,0.0,0.0,0.13281082221810972,,,,,,,120.0,0.0,0.0,0.8,4.35
36,val,4.700246301564303,4.700246301564303,0.0,4.036508316343481,0.6637379537251863,0.0336375692859292,0.0,0.0,0.0,0.1525834399190816,,,,,,,120.0,0.0,0.0,0.8,4.35
37,train,4.856784703170123,4.856784703170123,0.0,4.2603577506651575,0.5964269750617696,0.03550298113820203,0.0,0.0,0.0,0.13253932770922644,,,,,,,120.0,0.0,0.0,0.9142857142857143,4.5
37,val,4.365447209639982,4.365447209639982,0.0,3.709875217892907,0.6555720046162605,0.030915627065538007,0.0,0.0,0.0,0.14568266776305708,,,,,,,120.0,0.0,0.0,0.9142857142857143,4.5
38,train,4.984982287847303,4.984982287847303,0.0,4.36843588738631,0.6165463836003516,0.03640363234969636,0.0,0.0,0.0,0.13259061767694053,,,,,,,120.0,0.0,0.0,1.0285714285714285,4.65
38,val,4.08501033891331,4.08501033891331,0.0,3.421180532737212,0.6638298058374361,0.028509837892753156,0.0,0.0,0.0,0.14275909604674036,,,,,,,120.0,0.0,0.0,1.0285714285714285,4.65
39,train,4.936521222832006,4.936521222832006,0.0,4.302011833642966,0.6345093980294849,0.03585009863002038,0.0,0.0,0.0,0.1321894523975317,,,,,,,120.0,0.0,0.0,1.1428571428571428,4.800000000000001
39,val,4.050993545488878,4.050993545488878,0.0,3.3786180209029806,0.6723755201832815,0.028155150124803185,0.0,0.0,0.0,0.14007822788235816,,,,,,,120.0,0.0,0.0,1.1428571428571428,4.800000000000001
40,train,4.96224450117222,4.96224450117222,0.0,4.308521244139482,0.6537232468252153,0.035904343675719486,0.0,0.0,0.0,0.1320653074401052,,,,,,,120.0,0.0,0.0,1.2571428571428571,4.949999999999999
40,val,4.119625457308509,4.119625457308509,0.0,3.412818293679844,0.7068071397529407,0.028440152273767373,0.0,0.0,0.0,0.14278932533819566,,,,,,,120.0,0.0,0.0,1.2571428571428571,4.949999999999999
41,train,5.035439671361847,5.035439671361847,0.0,4.3649503911307095,0.670489282874157,0.03637458653750314,0.0,0.0,0.0,0.13146848944713582,,,,,,,120.0,0.0,0.0,1.3714285714285714,5.1
41,val,4.505513776432384,4.505513776432384,0.0,3.719224750995636,0.7862890264527365,0.030993539522486655,0.0,0.0,0.0,0.15417432230473918,,,,,,,120.0,0.0,0.0,1.3714285714285714,5.1
42,train,4.973501570363292,4.973501570363292,0.0,4.280475704677244,0.6930258671442667,0.035670630833196715,0.0,0.0,0.0,0.13200492694381544,,,,,,,120.0,0.0,0.0,1.4857142857142858,5.25
42,val,4.4418860159137035,4.4418860159137035,0.0,3.685452797196128,0.7564332254908301,0.03071210685778748,0.0,0.0,0.0,0.14408251964910465,,,,,,,120.0,0.0,0.0,1.4857142857142858,5.25
43,train,5.0251369600266855,5.0251369600266855,0.0,4.317867322070154,0.7072696544981878,0.035982227699107715,0.0,0.0,0.0,0.13097585966690964,,,,,,,120.0,0.0,0.0,1.6,5.4
43,val,4.372639585625041,4.372639585625041,0.0,3.5737288133664564,0.7989107651466673,0.029781073162501507,0.0,0.0,0.0,0.14794643574648284,,,,,,,120.0,0.0,0.0,1.6,5.4
44,train,5.052002727803105,5.052002727803105,0.0,4.323136210806144,0.7288665200956735,0.036026135109797894,0.0,0.0,0.0,0.13132729633093246,,,,,,,120.0,0.0,0.0,1.7142857142857142,5.550000000000001
44,val,4.3188420615412975,4.3188420615412975,0.0,3.535446359352632,0.7833956998180259,0.029462052742019296,0.0,0.0,0.0,0.1411523737267337,,,,,,,120.0,0.0,0.0,1.7142857142857142,5.550000000000001
45,train,4.997750559713498,4.997750559713498,0.0,4.254932066351631,0.7428185029314198,0.035457767170230185,0.0,0.0,0.0,0.13031904010916703,,,,,,,120.0,0.0,0.0,1.8285714285714285,5.699999999999999
45,val,4.259268993681127,4.259268993681127,0.0,3.444977408105677,0.8142915920100429,0.02870814517055723,0.0,0.0,0.0,0.14285817860879682,,,,,,,120.0,0.0,0.0,1.8285714285714285,5.699999999999999
46,train,5.02705154725171,5.02705154725171,0.0,4.270302086795142,0.7567494692970124,0.035585850807596055,0.0,0.0,0.0,0.12935888573572907,,,,,,,120.0,0.0,0.0,1.9428571428571428,5.85
46,val,4.553663801063191,4.553663801063191,0.0,3.715565627271479,0.8380981636318293,0.030963047068904747,0.0,0.0,0.0,0.1432646464725787,,,,,,,120.0,0.0,0.0,1.9428571428571428,5.85
47,train,5.075150367681404,5.075150367681404,0.0,4.298058030073067,0.7770923486361081,0.035817150166115815,0.0,0.0,0.0,0.129515391298846,,,,,,,120.0,0.0,0.0,2.057142857142857,6.0
47,val,4.771417151797902,4.771417151797902,0.0,3.862631461837075,0.9087857014753602,0.03218859556893056,0.0,0.0,0.0,0.15146428253501654,,,,,,,120.0,0.0,0.0,2.057142857142857,6.0
48,train,5.079533458485152,5.079533458485152,0.0,4.297981622022227,0.7815518319971335,0.03581651353450999,0.0,0.0,0.0,0.13025863892441497,,,,,,,120.0,0.0,0.0,2.1714285714285713,6.0
48,val,4.51156083020297,4.51156083020297,0.0,3.631951529871334,0.8796093081208792,0.03026626278138296,0.0,0.0,0.0,0.14660155248235573,,,,,,,120.0,0.0,0.0,2.1714285714285713,6.0
49,train,4.958861228887459,4.958861228887459,0.0,4.187401219245491,0.7714599953332079,0.034895010138733674,0.0,0.0,0.0,0.12857666591165262,,,,,,,120.0,0.0,0.0,2.2857142857142856,6.0
49,val,4.574754912744869,4.574754912744869,0.0,3.7146627577868374,0.8600921346382662,0.030955523146655072,0.0,0.0,0.0,0.14334868762472813,,,,,,,120.0,0.0,0.0,2.2857142857142856,6.0
50,train,5.089078894448937,5.089078894448937,0.0,4.312754610080602,0.7763242854619974,0.03593962180459536,0.0,0.0,0.0,0.12938738090273802,,,,,,,120.0,0.0,0.0,2.4,6.0
50,val,4.663874108682979,4.663874108682979,0.0,3.7863291827115146,0.8775449117476289,0.03155274314551868,0.0,0.0,0.0,0.14625748598270796,,,,,,,120.0,0.0,0.0,2.4,6.0
51,train,4.99951397862274,4.99951397862274,0.0,4.228634897722017,0.770879075432407,0.0352386241801516,0.0,0.0,0.0,0.12847984571932652,,,,,,,120.0,0.0,0.0,2.5142857142857142,6.0
51,val,4.87398575110869,4.87398575110869,0.0,3.9877437596971337,0.8862419778650458,0.033231197941032325,0.0,0.0,0.0,0.14770699639550663,,,,,,,120.0,0.0,0.0,2.5142857142857142,6.0
52,train,4.915711327430305,4.915711327430305,0.0,4.144747693239731,0.7709636313652773,0.03453956412248291,0.0,0.0,0.0,0.12849393846974097,,,,,,,120.0,0.0,0.0,2.6285714285714286,6.0
52,val,4.310081083666194,4.310081083666194,0.0,3.4713780040090736,0.8387030965902589,0.028928149787878447,0.0,0.0,0.0,0.1397838486697186,,,,,,,120.0,0.0,0.0,2.6285714285714286,6.0
53,train,4.929141843355395,4.929141843355395,0.0,4.163949795819204,0.7651920294907479,0.0346995817229653,0.0,0.0,0.0,0.1275320051277814,,,,,,,120.0,0.0,0.0,2.742857142857143,6.0
53,val,4.279444545507431,4.279444545507431,0.0,3.456256687641144,0.823187840255824,0.02880213902839883,0.0,0.0,0.0,0.13719797413796186,,,,,,,120.0,0.0,0.0,2.742857142857143,6.0
54,train,4.887300707149214,4.887300707149214,0.0,4.126057194278145,0.7612435126887913,0.03438380999427961,0.0,0.0,0.0,0.1268739189143757,,,,,,,120.0,0.0,0.0,2.857142857142857,6.0
54,val,4.290690587325529,4.290690587325529,0.0,3.4536963267759844,0.8369942503896627,0.028780802491713654,0.0,0.0,0.0,0.1394990414211696,,,,,,,120.0,0.0,0.0,2.857142857142857,6.0
55,train,5.341738338135069,4.885325693209237,0.45641262666393495,4.118086108738494,0.767239568521488,0.03431738433442349,0.0,0.484532191757033,0.153147445735308,0.12787326146201985,1.3933015409230456,0.4849567356824146,0.8020778431440347,0.10626695888894482,0.5216278313610714,0.518856688468099,120.0,0.0,0.002777777777777778,2.9714285714285715,6.0
55,val,4.637810238383033,4.637810238383033,0.0,3.770937578244643,0.8668726892633871,0.03142448010939089,0.0,0.0,0.0,0.14447878224944527,,,,,,,120.0,0.0,0.002777777777777778,2.9714285714285715,6.0
56,train,5.392921711326739,4.931887960215227,0.46103374566598043,4.170148181259085,0.761739775310598,0.03475123477547176,0.0,0.46899991279712877,0.1485646888300412,0.1269566288804607,1.2787362344403514,0.4647232809927121,0.8060217712997296,0.007991177527253895,0.5967172411603665,0.5866293802356136,120.0,0.0,0.005555555555555556,3.085714285714286,6.0
56,val,4.493859431960366,4.493859431960366,0.0,3.6433258300477807,0.8505335694009607,0.030361049173569136,0.0,0.0,0.0,0.14175559470260685,,,,,,,120.0,0.0,0.005555555555555556,3.085714285714286,6.0
57,train,5.305577781951391,4.854152699129297,0.451425089133442,4.089703433375111,0.7644492467973575,0.034080861905299194,0.0,0.466900088553764,0.13985445235915686,0.12740820806917794,1.2634712337353908,0.45788165826680827,0.7966629109980499,0.008926669144233979,0.6136650711935959,0.5953241980403935,120.0,0.0,0.008333333333333333,3.2,6.0
57,val,4.389725243503397,4.389725243503397,0.0,3.549906289035624,0.8398189812221311,0.029582552527162163,0.0,0.0,0.0,0.1399698299355805,,,,,,,120.0,0.0,0.008333333333333333,3.2,6.0
58,train,5.340987591203929,4.87219866554307,0.4687889126280397,4.107909385581993,0.7642892867964707,0.03423257816913296,0.0,0.4712475706860195,0.13986507583899419,0.12738154768169108,1.2533875968113588,0.4556349573332235,0.7856483308182579,0.012104303469249142,0.6317969182397977,0.604807204883033,120.0,0.0,0.011111111111111112,3.3142857142857145,6.0
58,val,4.335559449412606,4.335559449412606,0.0,3.5075145228342577,0.8280449502847411,0.029229287925938315,0.0,0.0,0.0,0.13800749225033956,,,,,,,120.0,0.0,0.011111111111111112,3.3142857142857145,6.0
59,train,5.192673364181402,4.705218028220197,0.4874553406320581,3.9426186186822547,0.7625993933152715,0.032855155125875536,0.0,0.4741065944188961,0.1402539020797255,0.12709989897701718,1.2445776123519336,0.45273001341644775,0.7782463336574192,0.01360126074178526,0.6388144858113123,0.6059435271524144,120.0,0.0,0.013888888888888888,3.4285714285714284,6.0
59,val,4.861492005261508,4.861492005261508,0.0,4.021755847063932,0.8397361920638517,0.033514631763947283,0.0,0.0,0.0,0.1399560320529748,,,,,,,120.0,0.0,0.013888888888888888,3.4285714285714284,6.0
60,train,5.289444474998964,4.772873042920314,0.516571439848216,4.013513638703466,0.75935941515348,0.033445946960524865,0.0,0.4767407127841168,0.14356372164795886,0.12655990239266957,1.241727832442759,0.45050748380681427,0.7749911832882359,0.016229170883666804,0.6538078510615439,0.6128238408572813,120.0,0.0,0.016666666666666666,3.5428571428571427,6.0
60,val,4.515043153004213,4.515043153004213,0.0,3.671408913352273,0.843634250827811,0.030595074174925685,0.0,0.0,0.0,0.14060570871118794,,,,,,,120.0,0.0,0.016666666666666666,3.5428571428571427,6.0
61,train,5.2421762123020414,4.718703875118804,0.5234723343807258,3.962611721925415,0.7560921559275473,0.03302176440539072,0.0,0.4769751826922099,0.1406009643073749,0.12601535926809368,1.2428791078223365,0.44910075103106484,0.7795090584215403,0.01426929316557488,0.6471908423331899,0.6008012014062397,120.0,0.0,0.019444444444444445,3.657142857142857,6.0
61,val,4.466647633097389,4.466647633097389,0.0,3.626492389223792,0.8401552746919069,0.030220769536258144,0.0,0.0,0.0,0.14002587883309883,,,,,,,120.0,0.0,0.019444444444444445,3.657142857142857,6.0
62,train,5.269351693468356,4.735627334052269,0.5337243674362836,3.9819816019192382,0.7536457403355054,0.0331831800292847,0.0,0.48207120018632404,0.13867733735215226,0.12560762310064533,1.2341595293914143,0.4459826342921009,0.772416766448123,0.015760130475386293,0.6657173201578472,0.6021304279110118,120.0,0.0,0.022222222222222223,3.7714285714285714,6.0
62,val,4.530463218688965,4.530463218688965,0.0,3.6989951729774475,0.8314680501141332,0.030824959955432198,0.0,0.0,0.0,0.13857800771736287,,,,,,,120.0,0.0,0.022222222222222223,3.7714285714285714,6.0
63,train,5.26219495173988,4.71962937411912,0.5425655903118102,3.966417252470594,0.7532121363218407,0.03305347703271958,0.0,0.4781498730364925,0.13655451819619638,0.1255353559890836,1.2348147100264872,0.44188010154878693,0.7783718025283347,0.014562804115201356,0.6731970263730496,0.6089524362429931,120.0,0.0,0.025,3.8857142857142857,6.0
63,val,4.388066524809057,4.388066524809057,0.0,3.5388761298222975,0.8491904180158268,0.02949063420634378,0.0,0.0,0.0,0.141531735827977,,,,,,,120.0,0.0,0.025,3.8857142857142857,6.0
64,train,5.286351762051247,4.736929733089715,0.5494220412652427,3.977819295469045,0.7591104465522532,0.033148494173148906,0.0,0.48049688307334887,0.1340187262025995,0.1265184077966833,1.2326026617204742,0.4437397464608563,0.773806886662037,0.015056030752866411,0.6726044970550303,0.6107008365133851,120.0,0.0,0.027777777777777776,4.0,6.0
64,val,4.456343978643417,4.456343978643417,0.0,3.6067115610296074,0.8496324210004373,0.030055929948999124,0.0,0.0,0.0,0.14160540361296048,,,,,,,120.0,0.0,0.027777777777777776,4.0,6.0
65,train,5.227472030788387,4.665167307270412,0.5623047187104138,3.908454615406305,0.7567126948261115,0.03257045522047383,0.0,0.4837068402256805,0.1330789340380864,0.12611878259443543,1.233199637052845,0.4429886674662249,0.7752660328824221,0.01494493740909827,0.6751520251826774,0.5981262230545009,120.0,0.0,0.030555555555555555,4.114285714285714,6.0
65,val,4.550930548797954,4.550930548797954,0.0,3.715393602848053,0.8355369371446696,0.030961613276634704,0.0,0.0,0.0,0.13925615562634033,,,,,,,120.0,0.0,0.030555555555555555,4.114285714285714,6.0
66,train,5.076967827770688,4.530604424097487,0.5463634090731633,3.778952322968649,0.7516521019946545,0.03149126933186973,0.0,0.47995459650634625,0.12542413762665214,0.12527535053750427,1.2372335180959206,0.4423863955685123,0.7818546379924914,0.012992486724379367,0.6788175548982183,0.611917840049172,120.0,0.0,0.03333333333333333,4.228571428571429,6.0
66,val,4.394415687430989,4.394415687430989,0.0,3.519385527480732,0.8750301718034528,0.029328212544152684,0.0,0.0,0.0,0.14583836288445376,,,,,,,120.0,0.0,0.03333333333333333,4.228571428571429,6.0
67,train,5.211631516797827,4.639362404834969,0.5722691100945166,3.8844904443904165,0.7548719559331917,0.032370753512242154,0.0,0.483674017296654,0.12775070817189843,0.1258119923669264,1.2248308352374155,0.4427334180027702,0.7684619618118356,0.013635458566379429,0.6830125208659275,0.6172012208251778,120.0,0.0,0.03611111111111111,4.3428571428571425,6.0
67,val,4.985658640211279,4.985658640211279,0.0,4.141716087406332,0.8439425406130877,0.03451430054635487,0.0,0.0,0.0,0.14065709096294912,,,,,,,120.0,0.0,0.03611111111111111,4.3428571428571425,6.0
68,train,5.3127026306379825,4.742756168776696,0.5699464492841598,3.98382306098938,0.7589331061012519,0.03319852551109291,0.0,0.48025506415862923,0.12368234139881368,0.12648885112700112,1.2295386452193653,0.44291106932753815,0.7742954861680302,0.012332092215512118,0.6753346753229789,0.6199498235814798,120.0,0.0,0.03888888888888889,4.457142857142857,6.0
68,val,4.441976051438939,4.441976051438939,0.0,3.6159319389950144,0.8260441259904341,0.03013276592405005,0.0,0.0,0.0,0.13767402013763785,,,,,,,120.0,0.0,0.03888888888888889,4.457142857142857,6.0
69,train,5.1425899157830335,4.579123635175396,0.5634662789215735,3.8271331349644093,0.7519904995730163,0.031892776110463004,0.0,0.4788133189401131,0.11889405885785362,0.12533174983769746,1.2278077174035051,0.44514494569294316,0.7685178848217022,0.014144886367660961,0.6714406551206513,0.6296806162285877,120.0,0.0,0.041666666666666664,4.571428571428571,6.0
69,val,4.585805288769982,4.585805288769982,0.0,3.7611152746460657,0.824690006673336,0.03134262722662904,0.0,0.0,0.0,0.13744833354245534,,,,,,,120.0,0.0,0.041666666666666664,4.571428571428571,6.0
70,train,5.267776276358042,4.678856898156146,0.5889193689285432,3.9262248893761122,0.7526320013978066,0.03271854075600339,0.0,0.4799156639189531,0.12113196705824009,0.1254386669793807,1.2260106596013458,0.44023236413614464,0.7725272438394915,0.013251056222512816,0.6858623994782066,0.6359390248216985,120.0,0.0,0.044444444444444446,4.685714285714286,6.0
70,val,4.496140157634562,4.496140157634562,0.0,3.6707520078529012,0.8253881694241003,0.030589600030163474,0.0,0.0,0.0,0.1375646950169043,,,,,,,120.0,0.0,0.044444444444444446,4.685714285714286,6.0
71,train,5.039739357586665,4.454166289498682,0.5855730696373395,3.7047665385295856,0.7493997545235018,0.030873054516037488,0.0,0.4808643879511305,0.11726365916271457,0.12489995933408402,1.2256817378399933,0.4424839690555491,0.7690903178960176,0.014107451945776832,0.6794747390787171,0.6319686810995825,120.0,0.0,0.04722222222222222,4.8,6.0
71,val,6.721194332296198,6.721194332296198,0.0,5.854734751311216,0.8664596256884661,0.04878945593637499,0.0,0.0,0.0,0.14440993786874143,,,,,,,120.0,0.0,0.04722222222222222,4.8,6.0
72,train,5.207279705126351,4.609785446697783,0.5974942482666138,3.855112330264637,0.7546731003927528,0.03212593610338662,0.0,0.4790568470225786,0.11670900825468043,0.12577885004267417,1.229814356073327,0.4448572276017717,0.7727799600599738,0.012177171193088893,0.6711504362774187,0.6322987765894024,120.0,0.0,0.05,4.914285714285715,6.0
72,val,4.706583575768904,4.706583575768904,0.0,3.8600926236672835,0.8464909175580199,0.032167438523505225,0.0,0.0,0.0,0.14108181922611865,,,,,,,120.0,0.0,0.05,4.914285714285715,6.0
73,train,4.893258249358664,4.313498778445276,0.5797594679058145,3.56418554954208,0.7493132207918605,0.029701546184855317,0.0,0.4776180091254208,0.11028019373023182,0.12488553676446644,1.2310057949582371,0.44382058207048186,0.7760612602809883,0.011123954789109231,0.666065115128453,0.6312621196202182,120.0,0.0,0.05277777777777778,5.0285714285714285,6.0
73,val,4.3161565146662975,4.3161565146662975,0.0,3.492837133732709,0.8233193714510311,0.029106976358558644,0.0,0.0,0.0,0.13721989560872316,,,,,,,120.0,0.0,0.05277777777777778,5.0285714285714285,6.0
74,train,5.07007853007827,4.47110094790794,0.5989775818969132,3.722008297202784,0.7490926439609003,0.031016735781542387,0.0,0.4767824070533846,0.11131743709086825,0.12484877379981385,1.2300395455200008,0.4408935340810624,0.7781264202310405,0.011019592470310013,0.6789260371744815,0.6319740964185208,120.0,0.0,0.05555555555555555,5.142857142857143,6.0
74,val,5.120507446202365,5.120507446202365,0.0,4.283739474686709,0.8367679457772862,0.035697828851301565,0.0,0.0,0.0,0.1394613244232129,,,,,,,120.0,0.0,0.05555555555555555,5.142857142857143,6.0
75,train,4.889636295651077,4.294791655438391,0.5948446338785534,3.5497083760547348,0.7450832772418994,0.029580903117080712,0.0,0.4793322181118373,0.10783111396892173,0.12418054630951415,1.2280369590546378,0.44413644462732726,0.7713166061526774,0.01258390830453793,0.6730122159744986,0.6277695882393315,120.0,0.0,0.058333333333333334,5.257142857142857,6.0
75,val,4.42657328193838,4.42657328193838,0.0,3.587449848651886,0.8391234488649801,0.02989541538144377,0.0,0.0,0.0,0.13985390808771958,,,,,,,120.0,0.0,0.058333333333333334,5.257142857142857,6.0
76,train,4.90043365554343,4.288080778690653,0.6123528888375023,3.541941872430504,0.7461388982399524,0.02951618220190025,0.0,0.48035223941555083,0.1085368684900281,0.12435648285581613,1.2303968194063286,0.44398694884157325,0.774377532326118,0.012032339815762384,0.6685195180618799,0.6252308678371826,120.0,0.0,0.06111111111111111,5.371428571428571,6.0
76,val,4.368856736204841,4.368856736204841,0.0,3.5420651219107886,0.826791643419049,0.029517209305512635,0.0,0.0,0.0,0.13779860713773154,,,,,,,120.0,0.0,0.06111111111111111,5.371428571428571,6.0
77,train,4.86081218683027,4.258070013574139,0.6027421638232853,3.5089836036757958,0.7490864048857208,0.029241529982593994,0.0,0.47530935700151167,0.10433922206202596,0.12484773415901246,1.2317122915469179,0.44445336703495875,0.7755334466604646,0.011725478640412883,0.6653034170286372,0.6330093686733771,120.0,0.0,0.06388888888888888,5.485714285714286,6.0
77,val,4.751639111475511,4.751639111475511,0.0,3.9091944640333,0.8424446423622695,0.03257662043060092,0.0,0.0,0.0,0.14040743940594522,,,,,,,120.0,0.0,0.06388888888888888,5.485714285714286,6.0
78,train,4.9410331354957835,4.329356805629322,0.6116763271778731,3.5797701512637126,0.7495866526339762,0.029831417924539395,0.0,0.4747539501671397,0.10357608388687857,0.12493110890144238,1.2364783952360123,0.44328699099179075,0.7827081396856804,0.010483261175732774,0.6658714194910242,0.632025199107803,120.0,0.0,0.06666666666666667,5.6,6.0
78,val,4.194137112660841,4.194137112660841,0.0,3.37337342988361,0.8207636878571727,0.028111445759846407,0.0,0.0,0.0,0.13679394815963777,,,,,,,120.0,0.0,0.06666666666666667,5.6,6.0
79,train,4.760896953603178,4.154646137074228,0.6062508109239263,3.412612247539952,0.7420338931798206,0.02843843528926828,0.0,0.47450654286127936,0.10032731660325593,0.12367231569705753,1.2314924936775768,0.445099798546654,0.7757628137183117,0.010629882419407823,0.6647437432672635,0.6382114509923742,120.0,0.0,0.06944444444444445,5.714285714285714,6.0
79,val,5.533136625181545,5.533136625181545,0.0,4.713969013907692,0.8191676742651246,0.03928307522172955,0.0,0.0,0.0,0.13652794520285996,,,,,,,120.0,0.0,0.06944444444444445,5.714285714285714,6.0
80,train,4.851841957561831,4.209897897294537,0.6419440562116261,3.4618157760812602,0.748082131056246,0.028848464765930577,0.0,0.47825767623904286,0.10421133900932762,0.12468035541907728,1.2293207078534165,0.4443720933676495,0.7739710684763182,0.010977543681142253,0.6681851441160255,0.63107705635762,120.0,0.0,0.07222222222222222,5.828571428571428,6.0
80,val,4.554220229387283,4.554220229387283,0.0,3.729719392277978,0.8245008506558158,0.031080995030193168,0.0,0.0,0.0,0.1374168081886389,,,,,,,120.0,0.0,0.07222222222222222,5.828571428571428,6.0
81,train,4.668947013875395,4.052972611666455,0.6159743997026291,3.3132876770212016,0.7396849375616884,0.027610730525072014,0.0,0.4759010990642991,0.09764357291116445,0.12328082284340436,1.225815096215006,0.44258213626499937,0.774190179616304,0.009042779388139736,0.6670931315203326,0.6432438802646205,120.0,0.0,0.075,5.942857142857143,6.0
81,val,4.719228858297521,4.719228858297521,0.0,3.8962339000268416,0.822994991120967,0.032468615819446066,0.0,0.0,0.0,0.13716583212160252,,,,,,,120.0,0.0,0.075,5.942857142857143,6.0
82,train,4.7369033138321806,4.124715068289264,0.6121882533808367,3.3812568789228385,0.7434581906423656,0.028177140603861586,0.0,0.47384168576756747,0.09498437181320213,0.12390969839482498,1.2329512378855947,0.44534321571344265,0.7762350152938737,0.011373004581300764,0.6681321488425637,0.6444614818063351,120.0,0.0,0.07777777777777778,6.057142857142857,6.0
82,val,4.798698438839479,4.798698438839479,0.0,3.9697077626531776,0.8289906636557796,0.03308089790781113,0.0,0.0,0.0,0.13816511144184254,,,,,,,120.0,0.0,0.07777777777777778,6.057142857142857,6.0
83,train,4.539626445974414,3.907989938689299,0.6316365212748903,3.1678003059979245,0.740189619840832,0.026398335896796955,0.0,0.4798253269735097,0.09608535682184434,0.12336493646925378,1.2218477516363884,0.44529192965329606,0.7664439181486765,0.01011190298283957,0.6647551513593132,0.6443277214645245,120.0,0.0,0.08055555555555556,6.171428571428572,6.0
83,val,4.493330665610054,4.493330665610054,0.0,3.658390446142717,0.8349402377551253,0.030486587265675717,0.0,0.0,0.0,0.13915670476853848,,,,,,,120.0,0.0,0.08055555555555556,6.171428571428572,6.0
84,train,4.783272173426567,4.1128908971763165,0.6703812701895332,3.3708444954058447,0.7420464072387882,0.028090370767707123,0.0,0.47726847126578703,0.10032414478059026,0.12367440101659262,1.2263302161423804,0.44297836032847016,0.7727092577412223,0.010642599348628193,0.6717589045518765,0.6456860764128717,120.0,0.0,0.08333333333333333,6.285714285714286,6.0
84,val,4.76775828816674,4.76775828816674,0.0,3.9493268755349247,0.8184314437887885,0.03291105756282129,0.0,0.0,0.0,0.13640524032102389,,,,,,,120.0,0.0,0.08333333333333333,6.285714285714286,6.0
85,train,4.470147977181531,3.834777546949707,0.6353704360646939,3.094371680455106,0.7404058758818776,0.025786430694572968,0.0,0.4746946071812866,0.09288967863317658,0.12340097911997673,1.225900873860817,0.44181838731882406,0.7754233896003222,0.008659097843800617,0.6742856970985366,0.656308307560212,120.0,0.0,0.08611111111111111,6.4,6.0
85,val,4.693777796897021,4.693777796897021,0.0,3.863759122111581,0.8300186239860274,0.032197992825372654,0.0,0.0,0.0,0.13833643690767614,,,,,,,120.0,0.0,0.08611111111111111,6.4,6.0
86,train,4.530502397715134,3.8762803642757078,0.6542220386343265,3.1389448249011958,0.7373355359112451,0.026157873563058334,0.0,0.48014108822980056,0.09387719051895338,0.12288925629280029,1.2192788020186467,0.4452498182426534,0.7636771488262608,0.01035183875298908,0.6637469454460553,0.6460330107161029,120.0,0.0,0.08888888888888889,6.514285714285714,6.0
86,val,4.478801356120543,4.478801356120543,0.0,3.6564910926602106,0.8223102404312654,0.03047075916335664,0.0,0.0,0.0,0.13705170713365078,,,,,,,120.0,0.0,0.08888888888888889,6.514285714285714,6.0
87,train,4.754816198203177,4.071816002192483,0.6830002040308915,3.333133178384297,0.738682831554967,0.027776109832210825,0.0,0.47764138644988385,0.09643350871969071,0.1231138049439735,1.2233675696434232,0.4414744593134714,0.7716125696441813,0.010280545578061942,0.6707202233488042,0.651121533153983,120.0,0.0,0.09166666666666666,6.628571428571429,6.0
87,val,4.610647811131044,4.610647811131044,0.0,3.7817259539257395,0.8289218246936798,0.031514382899992845,0.0,0.0,0.0,0.13815363606607373,,,,,,,120.0,0.0,0.09166666666666666,6.628571428571429,6.0
88,train,4.478313052326167,3.8070583022697986,0.6712547468665179,3.0690154956385993,0.7380428125552081,0.02557512908741057,0.0,0.4791696563773199,0.09283896114118967,0.12300713512966757,1.2209097325619571,0.4426767675701631,0.7684010942594721,0.00983186941508443,0.6740099339310183,0.6564799091502431,120.0,0.0,0.09444444444444444,6.742857142857143,6.0
88,val,4.518329151652076,4.518329151652076,0.0,3.689852337945591,0.8284768428314816,0.03074876949275759,0.0,0.0,0.0,0.13807947366413745,,,,,,,120.0,0.0,0.09444444444444444,6.742857142857143,6.0
89,train,4.4423023389384655,3.7581208929738503,0.6841814492456045,3.022413472516821,0.7357074117532928,0.02518677887498239,0.0,0.4821244644097961,0.09294078308257306,0.12261790217153888,1.2165059855589444,0.44247127472442954,0.7650405647922364,0.008994147475575316,0.675516750105295,0.6582734620352404,120.0,0.0,0.09722222222222222,6.857142857142857,6.0
89,val,4.584578535773537,4.584578535773537,0.0,3.7611594850366767,0.8234190287237818,0.03134299548004161,0.0,0.0,0.0,0.13723650460385464,,,,,,,120.0,0.0,0.09722222222222222,6.857142857142857,6.0
90,train,4.585228126347976,3.8872900683580918,0.6979380602683496,3.1528532381086904,0.7344368343506384,0.02627377701632747,0.0,0.47907944055507673,0.09324202708763267,0.12240613895590881,1.2171001062480682,0.4392008198146062,0.7690902602052835,0.008809028080143376,0.6804419411431759,0.6613158350326235,120.0,0.0,0.1,6.9714285714285715,6.0
90,val,4.94387466528199,4.94387466528199,0.0,4.110309557481245,0.8335650942542336,0.03425257966261019,0.0,0.0,0.0,0.13892751546915283,,,,,,,120.0,0.0,0.1,6.9714285714285715,6.0
91,train,4.7218746515589025,4.000020998698127,0.7218536540455774,3.2633265240476765,0.7366944688631489,0.027194387644005297,0.0,0.48129676578606306,0.09489333147712804,0.12278241164048148,1.2208203330681593,0.44146154688768063,0.7704134130514361,0.008945374174288472,0.6746673192088393,0.6558983166465701,120.0,0.0,0.10277777777777777,7.085714285714285,6.0
91,val,4.569590126926249,4.569590126926249,0.0,3.7475574152036146,0.8220327733592554,0.03122964516197416,0.0,0.0,0.0,0.1370054627345367,,,,,,,120.0,0.0,0.10277777777777777,7.085714285714285,6.0
92,train,4.489428305480094,3.770237982455379,0.7191903253031797,3.036156465701007,0.7340815028101662,0.02530130387258229,0.0,0.48024914397741314,0.09284685803890592,0.1223469169907249,1.2128513107241476,0.4370714369534717,0.7669587097948115,0.008821165628107521,0.6930429164422761,0.6765681383988909,120.0,0.0,0.10555555555555556,7.2,6.0
92,val,4.432907139713114,4.432907139713114,0.0,3.6107139506123285,0.8221931799568913,0.03008928293870254,0.0,0.0,0.0,0.1370321964337067,,,,,,,120.0,0.0,0.10555555555555556,7.2,6.0
93,train,4.391145465206298,3.6702292902389435,0.7209161719597807,2.937497713879343,0.7327315759494764,0.02447914763066109,0.0,0.4815441004544588,0.09143051213445284,0.12212192927934343,1.2139968864779225,0.4395466278270115,0.766289062547392,0.008161190362499076,0.6853506043781199,0.6711899526986872,120.0,0.0,0.10833333333333334,7.314285714285714,6.0
93,val,4.7398706647482785,4.7398706647482785,0.0,3.8901141312989322,0.8497565259987657,0.03241761797107756,0.0,0.0,0.0,0.14162608650936323,,,,,,,120.0,0.0,0.10833333333333334,7.314285714285714,6.0
94,train,4.353555603493973,3.6223208521484236,0.7312347605505486,2.8911810198325996,0.7311398261183992,0.02409317513603136,0.0,0.4804598810293623,0.09124908514252496,0.12185663773196917,1.2161064089620515,0.43832487177775903,0.7685987672309992,0.009182770392965719,0.6816735813559378,0.6682771983861194,120.0,0.0,0.1111111111111111,7.428571428571429,6.0
94,val,5.114337360317057,5.114337360317057,0.0,4.277243527499112,0.8370938754894517,0.035643696234646166,0.0,0.0,0.0,0.13951564520936122,,,,,,,120.0,0.0,0.1111111111111111,7.428571428571429,6.0
95,train,4.4730974804006225,3.70979117435782,0.763306297020081,2.978119791100878,0.7316713889986732,0.024817665017833678,0.0,0.4859412893060515,0.0938587286182044,0.12194523127572982,1.2137077055210732,0.43717089769307993,0.7650832359761638,0.011453572779591978,0.687300881752545,0.6721956926748294,120.0,0.0,0.11388888888888889,7.542857142857143,6.0
95,val,4.944261285391721,4.944261285391721,0.0,4.114298538728193,0.8299627893350341,0.034285821189934555,0.0,0.0,0.0,0.1383271316405047,,,,,,,120.0,0.0,0.11388888888888889,7.542857142857143,6.0
96,train,4.379847443796444,3.6157767429993424,0.7640707059920017,2.8820832411812716,0.7336935003598531,0.02401736028640551,0.0,0.48530336549158126,0.0923911195236973,0.12228225017769621,1.2092185627429857,0.43764291161426344,0.7609744074694608,0.01060124546850516,0.6868453356650991,0.6724192999553972,120.0,0.0,0.11666666666666667,7.6571428571428575,6.0
96,val,4.9505199573256755,4.9505199573256755,0.0,4.106356553056023,0.8441633758219805,0.03421963802115484,0.0,0.0,0.0,0.14069389577277683,,,,,,,120.0,0.0,0.11666666666666667,7.6571428571428575,6.0
97,train,4.346029740954758,3.578349127681977,0.7676806111310236,2.848584522712486,0.7297646031467193,0.0237382043904941,0.0,0.47985914978412314,0.09140714482384354,0.12162743404006375,1.2197625438372295,0.4410425672472799,0.7689826579633474,0.009737318133884067,0.6756858148523791,0.6610087527229881,120.0,0.0,0.11944444444444445,7.771428571428571,6.0
97,val,4.354360434142026,4.354360434142026,0.0,3.5246199775825846,0.8297404484315352,0.029371833068911325,0.0,0.0,0.0,0.13829007507725197,,,,,,,120.0,0.0,0.11944444444444445,7.771428571428571,6.0
98,train,4.328917598505632,3.5610244879299713,0.7678931027377417,2.8327121337254844,0.7283123650499804,0.02360593440973795,0.0,0.4809626703597719,0.08992321691290683,0.12138539404588372,1.2142843729859099,0.43658609018413297,0.7676935288884225,0.010004752483261629,0.6908358321824205,0.6748239240332845,120.0,0.0,0.12222222222222222,7.885714285714286,6.0
98,val,5.104210704565048,5.104210704565048,0.0,4.270582586526871,0.8336281441152096,0.03558818794871596,0.0,0.0,0.0,0.1389380236664279,,,,,,,120.0,0.0,0.12222222222222222,7.885714285714286,6.0
99,train,4.445698255428116,3.6540697324531157,0.7916285098966108,2.9224478225095556,0.731621917508064,0.024353731813803542,0.0,0.4831983262974917,0.09140359013361304,0.1219369860690668,1.2153842323416963,0.4393605835029474,0.7665469181646994,0.00947673235655355,0.6791937957298501,0.6639207025551286,120.0,0.0,0.125,8.0,6.0
99,val,4.547048836946487,4.547048836946487,0.0,3.709779205647382,0.8372696119953286,0.030914826212789525,0.0,0.0,0.0,0.13954493471167304,,,,,,,120.0,0.0,0.125,8.0,6.0
100,train,4.280841619232015,3.493322972857624,0.7875186476503307,2.7651232652343376,0.7281997182865027,0.023042693839548014,0.0,0.48296377245074745,0.09072582595141473,0.12136661991568151,1.216151934333533,0.43797111994265053,0.7681284878596618,0.01005232606199926,0.6857326353361847,0.670791743818773,120.0,0.0,0.12777777777777777,8.0,6.0
100,val,4.254112362861633,4.254112362861633,0.0,3.433705847371708,0.8204065026207403,0.028614215764471075,0.0,0.0,0.0,0.1367344172163443,,,,,,,120.0,0.0,0.12777777777777777,8.0,6.0
101,train,4.2508481015488275,3.464292598426889,0.7865555022105529,2.7374012111159276,0.726891388313486,0.022811676781419495,0.0,0.4814893136695255,0.09046179947617039,0.12114856483283758,1.2190927527730984,0.4407210220619808,0.7679667234967608,0.010405010089494675,0.6738817754688613,0.6592836075601957,120.0,0.0,0.13055555555555556,8.0,6.0
101,val,4.31479887528853,4.31479887528853,0.0,3.496844643896276,0.8179542107338255,0.02914037227376618,0.0,0.0,0.0,0.1363257015208629,,,,,,,120.0,0.0,0.13055555555555556,8.0,6.0
102,train,4.242445720445126,3.4549898988245458,0.787455824263599,2.7258546461752795,0.7291352562492411,0.022715455368275125,0.0,0.48324638513979196,0.09037787107813432,0.12152254278985185,1.210710010397325,0.4372382509416761,0.7637495913454516,0.009722168562330009,0.6910541224370309,0.6778107769445542,120.0,0.0,0.13333333333333333,8.0,6.0
102,val,4.306662873788313,4.306662873788313,0.0,3.4771069369532843,0.8295559070327065,0.028975891203365543,0.0,0.0,0.0,0.13825931810689243,,,,,,,120.0,0.0,0.13333333333333333,8.0,6.0
103,train,4.246450745731319,3.4621513761147082,0.7842993601381961,2.734886295569417,0.7272650799984597,0.022790719128416036,0.0,0.4840672198421,0.08980155414944395,0.12121084653160076,1.2101592246545565,0.43922587108174593,0.7618048588434855,0.00912849592765514,0.6853204172685605,0.6712100145831386,120.0,0.0,0.1361111111111111,8.0,6.0
103,val,4.572535406459462,4.572535406459462,0.0,3.7511634311892768,0.8213719441132112,0.0312596952161667,0.0,0.0,0.0,0.13689532401886853,,,,,,,120.0,0.0,0.1361111111111111,8.0,6.0
104,train,4.292490852717595,3.5093243071063216,0.7831665528567924,2.7824775060747013,0.7268467935582549,0.023187312482648305,0.0,0.48208126844980664,0.08952635234443966,0.12114113232046822,1.2165377475435215,0.438585230334454,0.7679391103235589,0.010013407506390449,0.6887893683137515,0.6731561305690613,120.0,0.0,0.1388888888888889,8.0,6.0
104,val,4.501877364787188,4.501877364787188,0.0,3.683349135247144,0.8185281753540039,0.030694576043804937,0.0,0.0,0.0,0.1364213629541072,,,,,,,120.0,0.0,0.1388888888888889,8.0,6.0
105,train,4.15387669761611,3.3768410536856464,0.7770356388267027,2.6570908906627504,0.7197501715443549,0.022142424098634664,0.0,0.47961698276551856,0.08863623756972293,0.11995836210633637,1.2192787302014296,0.43853429643386,0.7709726439703495,0.009771788023577416,0.6820992317950689,0.6679047999578879,120.0,0.0,0.14166666666666666,8.0,6.0
105,val,4.508463813499971,4.508463813499971,0.0,3.683649946342815,0.8248138928955252,0.03069708242335103,0.0,0.0,0.0,0.13746898231858556,,,,,,,120.0,0.0,0.14166666666666666,8.0,6.0
106,train,4.3078473704306,3.518946983034093,0.7889003938673469,2.7932576301994674,0.7256893475485868,0.023277146938265464,0.0,0.48367202363976647,0.08987958174460889,0.12094822467877231,1.2085467700929087,0.43710631022759533,0.7630140024040817,0.008426461253451919,0.6942608533284715,0.6798291766862257,120.0,0.0,0.14444444444444443,8.0,6.0
106,val,4.50972882996906,4.50972882996906,0.0,3.6793371737003326,0.8303916772658174,0.03066114310852506,0.0,0.0,0.0,0.13839861306107856,,,,,,,120.0,0.0,0.14444444444444443,8.0,6.0
107,train,4.16866112411569,3.4023717915246245,0.7662893233860669,2.6815688034080947,0.7208029924911825,0.02234640675639614,0.0,0.4853213101352027,0.08685490523183018,0.12013383198313028,1.2119888563039471,0.4387899692816836,0.7644069318742198,0.008791958463566224,0.6876566798315136,0.6742437677828179,120.0,0.0,0.14722222222222223,8.0,6.0
107,val,4.321253112771294,4.321253112771294,0.0,3.4881425581195136,0.8331105133349245,0.02906785458749668,0.0,0.0,0.0,0.13885175216604362,,,,,,,120.0,0.0,0.14722222222222223,8.0,6.0
108,train,4.102975888354334,3.3198965755077676,0.7830793194996837,2.5961203885005517,0.7237761955742442,0.021634336615078128,0.0,0.48385738524457367,0.08881258858020334,0.12062936597461,1.2108645872967687,0.4355218231860286,0.7670685203250395,0.008274248570833207,0.6987721582800606,0.6854702432950338,120.0,0.0,0.15,8.0,6.0
108,val,4.289450211958452,4.289450211958452,0.0,3.4741592190482398,0.815290973267772,0.028951326575638217,0.0,0.0,0.0,0.13588182860985398,,,,,,,120.0,0.0,0.15,8.0,6.0
109,train,4.198978245076054,3.4083840143425386,0.7905942372954949,2.687218336884035,0.72116568875969,0.022393486154940696,0.0,0.4852236493829558,0.08955785585424951,0.12019428174475646,1.20824400583903,0.43534316446073923,0.7631135689556052,0.009787273728530797,0.7015661210824226,0.6875900378285562,120.0,0.0,0.1527777777777778,8.0,6.0
109,val,4.825935491106727,4.825935491106727,0.0,4.004356124184349,0.8215793452479623,0.03336963421580466,0.0,0.0,0.0,0.13692989086054944,,,,,,,120.0,0.0,0.1527777777777778,8.0,6.0
110,train,4.143003593891039,3.3520088429115598,0.7909947480630437,2.6314047257834616,0.7206041227786912,0.021928372629134937,0.0,0.49047422272349717,0.08933734434118512,0.12010068701585863,1.2036528049623565,0.438235729021399,0.7567911125286639,0.008625961243835726,0.694785893510241,0.6811242491827099,120.0,0.0,0.15555555555555556,8.0,6.0
110,val,4.665498803962361,4.665498803962361,0.0,3.8388939174738796,0.826604890552434,0.03199078282341361,0.0,0.0,0.0,0.1377674825489521,,,,,,,120.0,0.0,0.15555555555555556,8.0,6.0
111,train,4.149963136842127,3.3719323826127825,0.7780307613381552,2.648013922964032,0.7239184602867208,0.022066782687189746,0.0,0.47702370397176946,0.08781275116704655,0.12065307678660486,1.2224399966931125,0.43898341715882677,0.7741800400824357,0.009276540691121295,0.6808400591579052,0.6672427803733663,120.0,0.0,0.15833333333333333,8.0,6.0
111,val,5.318696929649874,5.318696929649874,0.0,4.484963189471852,0.8337337171489542,0.037374693477018314,0.0,0.0,0.0,0.13895562003281983,,,,,,,120.0,0.0,0.15833333333333333,8.0,6.0
112,train,4.063415779979951,3.2737734773472544,0.7896423011744788,2.5550913679490397,0.7186821053881164,0.021292428037476375,0.0,0.4870763346325002,0.088896111240582,0.11978035088662707,1.2074451554076753,0.4384015073105465,0.7611498956651134,0.007893753731452407,0.6949164060824508,0.6805107512423022,120.0,0.0,0.16111111111111112,8.0,6.0
112,val,4.697124632922086,4.697124632922086,0.0,3.8764280541376634,0.8206965909762816,0.032303567340766844,0.0,0.0,0.0,0.13678276500749317,,,,,,,120.0,0.0,0.16111111111111112,8.0,6.0
113,train,4.167460796665344,3.3697381879940673,0.7977226155066709,2.6530076511409306,0.7167305367619984,0.022108397099106867,0.0,0.4855150775442794,0.08976901124946386,0.11945508963881282,1.2107698682251327,0.43739214794715975,0.7645198558813205,0.008857866457239112,0.6949001733863026,0.6797887485143971,120.0,0.0,0.1638888888888889,8.0,6.0
113,val,4.73396129228852,4.73396129228852,0.0,3.9109577428210867,0.8230035464194688,0.03259131477468393,0.0,0.0,0.0,0.13716725835745985,,,,,,,120.0,0.0,0.1638888888888889,8.0,6.0
114,train,4.079039866406618,3.2929036041283095,0.7861362626428633,2.5720101392597234,0.7208934741647236,0.021433417806373367,0.0,0.4864957050992808,0.0881317055439548,0.12014891215192798,1.2109544727415849,0.43656107673951244,0.7619619492543946,0.01243144479282599,0.696662552404112,0.6811703098111925,120.0,0.0,0.16666666666666666,8.0,6.0
114,val,4.638034723021767,4.638034723021767,0.0,3.7911096702922475,0.8469250649213791,0.03159258048981428,0.0,0.0,0.0,0.14115417850288478,,,,,,,120.0,0.0,0.16666666666666666,8.0,6.0
115,train,4.025845778826909,3.2303638017141125,0.7954819907835864,2.5140423408342065,0.7163214555027289,0.02095035287132914,0.0,0.48570668496852254,0.08914771156573514,0.1193869091593162,1.2054083221549288,0.43520842424226464,0.7623000195996112,0.007899878602133158,0.7028197684419264,0.6884462818822364,120.0,0.0,0.16944444444444445,8.0,6.0
115,val,4.549600492824208,4.549600492824208,0.0,3.7353531664068047,0.8142473189668222,0.031127943128178067,0.0,0.0,0.0,0.13570788663557984,,,,,,,120.0,0.0,0.16944444444444445,8.0,6.0
116,train,4.065653462293316,3.2648994528919184,0.8007540090368428,2.5451799186362405,0.719719533162015,0.02120983265824502,0.0,0.4883081954006755,0.08958206043239762,0.11995325578143108,1.2043911313427333,0.43495870885134474,0.7595829992848434,0.009849422971578457,0.7050425598016208,0.6900531958549394,120.0,0.0,0.17222222222222222,8.0,6.0
116,val,4.281255006790161,4.281255006790161,0.0,3.460004673762755,0.8212503309954297,0.028833372391421686,0.0,0.0,0.0,0.1368750554763458,,,,,,,120.0,0.0,0.17222222222222222,8.0,6.0
117,train,4.156801200058847,3.3576560333963563,0.7991451620144217,2.636605025431432,0.7210510094231422,0.02197170844842717,0.0,0.4906106966715705,0.089161036342428,0.12017516859035245,1.2074224192432672,0.43802470151072975,0.7612209730192062,0.008176743735371311,0.692492784345551,0.6784762001912529,120.0,0.0,0.175,8.0,6.0
117,val,4.278864050453359,4.278864050453359,0.0,3.461124365979975,0.8177396817640825,0.02884270274080336,0.0,0.0,0.0,0.13628994639624248,,,,,,,120.0,0.0,0.175,8.0,6.0
118,train,4.018020369955524,3.229788109432302,0.7882322606143601,2.5157427266467964,0.7140453891652075,0.02096452269082268,0.0,0.485866451573299,0.08773200017961158,0.11900756480770373,1.2095818528706146,0.43623418454365626,0.7635774769185151,0.00977019399236489,0.7035432080610082,0.6901772120677003,120.0,0.0,0.17777777777777778,8.0,6.0
118,val,4.2799667309631,4.2799667309631,0.0,3.467153836380352,0.8128128935667601,0.02889294871552424,0.0,0.0,0.0,0.13546881545335054,,,,,,,120.0,0.0,0.17777777777777778,8.0,6.0
119,train,4.0957689879501995,3.299951422469696,0.7958175709488196,2.583005859764344,0.7169455575104519,0.021525048841622627,0.0,0.4869149441201388,0.08848779676453601,0.1194909261909829,1.2066842713122703,0.4369074539124783,0.7607161987812148,0.009060619525691148,0.6975487799637179,0.6840800026870284,120.0,0.0,0.18055555555555555,8.0,6.0
119,val,4.280313353646886,4.280313353646886,0.0,3.466905937953429,0.8134073896164243,0.028890882809223098,0.0,0.0,0.0,0.13556789890439672,,,,,,,120.0,0.0,0.18055555555555555,8.0,6.0
120,train,3.983416208798003,3.1814642167601748,0.8019519854758493,2.462519374097888,0.7189448420243161,0.020520994815667836,0.0,0.48798929040949646,0.08906091010306225,0.11982414043801823,1.2085673657761438,0.43536874351151494,0.7639928123819719,0.00920580781672993,0.6980564330878243,0.6839264109958567,120.0,0.0,0.18333333333333332,8.0,6.0
120,val,4.467143256555904,4.467143256555904,0.0,3.628690554337068,0.8384526656432585,0.030239087995141745,0.0,0.0,0.0,0.1397421115332029,,,,,,,120.0,0.0,0.18333333333333332,8.0,6.0
121,train,3.9461893656202776,3.141980550340192,0.8042088136395912,2.4263012482121087,0.7156792927408072,0.0202191769877386,0.0,0.48995589973000575,0.0891278224003242,0.1192798820247344,1.2034822842761281,0.4359508852163951,0.7566697095329973,0.01086169218826777,0.7094423512070915,0.6966579082544426,120.0,0.0,0.18611111111111112,8.0,6.0
121,val,4.226396850564263,4.226396850564263,0.0,3.403469882228158,0.8229269446297125,0.028362248960713096,0.0,0.0,0.0,0.13715448979796332,,,,,,,120.0,0.0,0.18611111111111112,8.0,6.0
122,train,3.9586202478554635,3.173346856683037,0.785273390625595,2.459773904504397,0.7135729468926013,0.020498115821408296,0.0,0.48438253461038666,0.08672236368652513,0.1189288246909595,1.2091606355952924,0.43925764154221303,0.7610264842481059,0.008876511174544624,0.6879705434910018,0.6760025439094696,120.0,0.0,0.18888888888888888,8.0,6.0
122,val,4.46083973754536,4.46083973754536,0.0,3.6367327787659387,0.8241069665686651,0.030306106666103005,0.0,0.0,0.0,0.13735116133466363,,,,,,,120.0,0.0,0.18888888888888888,8.0,6.0
123,train,4.0749953894075635,3.274230616537438,0.8007647709562145,2.554915870366111,0.7193147427536296,0.02129096561609924,0.0,0.48868424210708805,0.08838753664826217,0.11988579037539455,1.210817870196946,0.4376621280059173,0.7629318704845709,0.010223872716458861,0.6940995160410528,0.6815627261039314,120.0,0.0,0.19166666666666668,8.0,6.0
123,val,4.639298132874749,4.639298132874749,0.0,3.7902847040783274,0.8490134687586264,0.03158570603806187,0.0,0.0,0.0,0.14150224477899345,,,,,,,120.0,0.0,0.19166666666666668,8.0,6.0
124,train,3.9265614091803176,3.136387635443918,0.7901737700908555,2.425966542066055,0.7104210905525663,0.020216387873145236,0.0,0.4840620331443413,0.08700632451483781,0.11840351520601762,1.2124556366821313,0.437018670073343,0.7655453806805683,0.009891588336628626,0.6920550904871856,0.6796467821896988,120.0,0.0,0.19444444444444445,8.0,6.0
124,val,4.291282908482985,4.291282908482985,0.0,3.471530708399686,0.8197522217577154,0.02892942263067446,0.0,0.0,0.0,0.13662536916407672,,,,,,,120.0,0.0,0.19444444444444445,8.0,6.0
125,train,3.9314790800077106,3.1383092793485075,0.7931698005680644,2.4265579810929956,0.7117512973441261,0.020221316503412134,0.0,0.48508553958814077,0.08718751927991526,0.11862521622022358,1.2126310480479436,0.4365462532284063,0.7654645705441816,0.010620226690172579,0.6910280768477589,0.6769167540270254,120.0,0.0,0.19722222222222222,8.0,6.0
125,val,4.646592243151232,4.646592243151232,0.0,3.804526586424221,0.8420656709508463,0.031704387796873394,0.0,0.0,0.0,0.14034427833658727,,,,,,,120.0,0.0,0.19722222222222222,8.0,6.0
126,train,4.007853299470487,3.220047264653244,0.7878060372779858,2.509006540709679,0.7110407261308909,0.02090838786772814,0.0,0.48428415595938307,0.08636865069354893,0.11850678731633253,1.2122726095925778,0.43804359035025314,0.7637520281182152,0.010476991717578325,0.6942494191707821,0.6810530801431849,120.0,0.0,0.2,8.0,6.0
126,val,4.443346917629242,4.443346917629242,0.0,3.61241894418543,0.8309279680252075,0.030103491344065827,0.0,0.0,0.0,0.13848799496719782,,,,,,,120.0,0.0,0.2,8.0,6.0
127,train,3.895335876613582,3.1056495354445337,0.7896863335134057,2.3954683611516923,0.7101811793054645,0.019962236323658754,0.0,0.4906637472661628,0.08627382879478669,0.11836352999057245,1.2041280089168374,0.43817383789141245,0.7537179408817116,0.012236236280616406,0.6930862481987804,0.6788844641195525,120.0,0.0,0.20277777777777778,8.0,6.0
127,val,4.2119066417217255,4.2119066417217255,0.0,3.3935716910795732,0.8183349807831374,0.02827976436608217,0.0,0.0,0.0,0.13638916340741244,,,,,,,120.0,0.0,0.20277777777777778,8.0,6.0
128,train,3.9297470415768636,3.1420018180794673,0.7877452280543266,2.4324373910915598,0.7095644305878823,0.020270311609708023,0.0,0.4904917542358422,0.08586524007129924,0.11826073851105999,1.2052289985735483,0.43768718228063086,0.758228777563171,0.00931304122786969,0.6941853250385425,0.6813910268133204,120.0,0.0,0.20555555555555555,8.0,6.0
128,val,4.390786943110553,4.390786943110553,0.0,3.5846571895209225,0.8061297315765511,0.029872143450616437,0.0,0.0,0.0,0.13435495522042568,,,,,,,120.0,0.0,0.20555555555555555,8.0,6.0
129,train,3.9532622441603866,3.1521092806387383,0.8011529743671417,2.443900962852921,0.7082083088542344,0.020365841339259703,0.0,0.48777193459895773,0.08744172829371344,0.11803471799427216,1.2061652572147707,0.43694656203281623,0.7598638684013204,0.009354825311380264,0.6973658721745926,0.6838515507518699,120.0,0.0,0.20833333333333334,8.0,6.0
129,val,4.3990321863781325,4.3990321863781325,0.0,3.574149960821325,0.8248821852559393,0.029784583232619545,0.0,0.0,0.0,0.13748036346144296,,,,,,,120.0,0.0,0.20833333333333334,8.0,6.0
130,train,3.843809618862397,3.0523823193453867,0.7914272956891891,2.3436286987150114,0.7087536177139399,0.019530239205989723,0.0,0.48753749977922584,0.08606283892435947,0.11812560296751308,1.2080643064020606,0.4373016347396629,0.7605206038609192,0.01024207305547636,0.6982516084060028,0.6866559100989537,120.0,0.0,0.2111111111111111,8.0,6.0
130,val,4.485914476893165,4.485914476893165,0.0,3.6568128006024794,0.8291017074476589,0.030473439933054826,0.0,0.0,0.0,0.1381836185993796,,,,,,,120.0,0.0,0.2111111111111111,8.0,6.0
131,train,3.9605821006524087,3.1649813677557384,0.795600725058751,2.4553546468052296,0.7096267210416473,0.020461288723661722,0.0,0.48658772546581536,0.08644062742044073,0.11827112026854393,1.2070933702524285,0.4360523962099618,0.7606931960364001,0.010347776003153453,0.7006148039747816,0.6887696230447985,120.0,0.0,0.21388888888888888,8.0,6.0
131,val,4.330216348171234,4.330216348171234,0.0,3.511058121919632,0.8191582272675905,0.02925881779414009,0.0,0.0,0.0,0.1365263706327162,,,,,,,120.0,0.0,0.21388888888888888,8.0,6.0
132,train,3.846302770693368,3.0544139668117607,0.7918888151827937,2.3448296141916094,0.7095843601846549,0.019540246734139295,0.0,0.48692746938915427,0.08579848276092372,0.11826406021685046,1.2096891142541844,0.4391388077436966,0.7601485746351586,0.010401728420606628,0.6888994157132023,0.6782393366189543,120.0,0.0,0.21666666666666667,8.0,6.0
132,val,4.477273621342399,4.477273621342399,0.0,3.6463103158907457,0.8309632952917706,0.03038591944443231,0.0,0.0,0.0,0.1384938816878606,,,,,,,120.0,0.0,0.21666666666666667,8.0,6.0
133,train,3.750478779868613,2.9562798486937076,0.794198934455895,2.2501055558157987,0.706174304270234,0.01875087955471026,0.0,0.48729943782546836,0.08590797298453999,0.11769571745432116,1.2084017585541496,0.43885302297565915,0.7587505000264637,0.0107982359343815,0.6907690545652255,0.6806542127868815,120.0,0.0,0.21944444444444444,8.0,6.0
133,val,4.830609291791916,4.830609291791916,0.0,3.973627293651754,0.8569819676605138,0.03311356055465611,0.0,0.0,0.0,0.14283032867718826,,,,,,,120.0,0.0,0.21944444444444444,8.0,6.0
134,train,3.8702399118230977,3.074785098023371,0.7954548093339354,2.365399687662037,0.7093854109081653,0.01971166405331241,0.0,0.48645958678073475,0.08591908462550663,0.11823090203448174,1.212840084453606,0.43791630098579126,0.7649305744455495,0.009993209472262166,0.6936836297358941,0.6841120216824593,120.0,0.0,0.2222222222222222,8.0,6.0
134,val,4.52708685669032,4.52708685669032,0.0,3.67225935513323,0.8548275144262747,0.030602161031724376,0.0,0.0,0.0,0.14247125226326965,,,,,,,120.0,0.0,0.2222222222222222,8.0,6.0
135,train,3.78517806712276,2.9864031400884694,0.7987749238444395,2.280095604217016,0.7063075360537304,0.01900079666668213,0.0,0.48451290272791453,0.08621994043708942,0.11771792251992663,1.2166329370726139,0.4382311396460285,0.7683383073281804,0.010063492571607529,0.6844194084861592,0.6743862516836289,120.0,0.0,0.225,8.0,6.0
135,val,4.662095603617755,4.662095603617755,0.0,3.8350817290219394,0.8270138854330237,0.03195901399224319,0.0,0.0,0.0,0.13783564714884217,,,,,,,120.0,0.0,0.225,8.0,6.0
136,train,3.8301980156417286,3.031739524380512,0.7984584892561676,2.324791973337121,0.7069475506788364,0.019373266426533097,0.0,0.485130509196436,0.08599456728347762,0.11782459178740096,1.2126785336284462,0.43898150652920437,0.7631769857457654,0.0105200431506158,0.6835080932039733,0.6724958407951787,120.0,0.0,0.22777777777777777,8.0,6.0
136,val,4.399740419604561,4.399740419604561,0.0,3.577962100505829,0.8217783444984392,0.029816350687972525,0.0,0.0,0.0,0.13696305707774378,,,,,,,120.0,0.0,0.22777777777777777,8.0,6.0
137,train,3.823254740201734,3.026919083675478,0.7963356567541029,2.322733201929553,0.7041858794218904,0.019356109976586218,0.0,0.486043050657354,0.0855344668036435,0.11736431347052438,1.2118864385724433,0.4407585071861197,0.7594180858098768,0.011709849581561002,0.6764388133626466,0.6658191407492401,120.0,0.0,0.23055555555555557,8.0,6.0
137,val,4.370089620351791,4.370089620351791,0.0,3.552370112050663,0.8177195204929872,0.029603084337643602,0.0,0.0,0.0,0.13628658728504722,,,,,,,120.0,0.0,0.23055555555555557,8.0,6.0
138,train,3.84903334404715,3.0482413648465356,0.8007919758284857,2.3407812787487603,0.7074600905635671,0.019506510666113017,0.0,0.48156642139140254,0.08605330955202974,0.11791001510911761,1.2172421319039954,0.4371863112354862,0.7683086398909216,0.01174718388377629,0.6927150954529415,0.6823593216751693,120.0,0.0,0.23333333333333334,8.0,6.0
138,val,4.2945260811935775,4.2945260811935775,0.0,3.4832268330183895,0.8112992901693691,0.029026890321719376,0.0,0.0,0.0,0.13521654848856005,,,,,,,120.0,0.0,0.23333333333333334,8.0,6.0
139,train,3.7687189753996124,2.9705960692251128,0.798122918569349,2.264786801936065,0.7058092744889974,0.01887322335563805,0.0,0.48715534505494146,0.08538751670982495,0.11763487886124795,1.2057871876871185,0.439847308014511,0.7554891882321886,0.010450692088001434,0.6856378847305927,0.6758875252639117,120.0,0.0,0.2361111111111111,8.0,6.0
139,val,4.4494127983396705,4.4494127983396705,0.0,3.6136378808455034,0.8357749337499792,0.030113649004223673,0.0,0.0,0.0,0.13929582162844864,,,,,,,120.0,0.0,0.2361111111111111,8.0,6.0
140,train,3.8201562505249584,3.022041694104489,0.7981145567850235,2.315984481518422,0.7060572121303745,0.019299870681598646,0.0,0.4846886157624948,0.08529097884209878,0.1176762021052728,1.2142659941579952,0.43804307140706145,0.7656061306641372,0.010616789209166547,0.6874953436377581,0.6772581494729454,120.0,0.0,0.2388888888888889,8.0,6.0
140,val,4.563437469980934,4.563437469980934,0.0,3.7228316258300436,0.8406058133325793,0.03102359709075906,0.0,0.0,0.0,0.14010096845132383,,,,,,,120.0,0.0,0.2388888888888889,8.0,6.0
141,train,3.6989843509977383,2.9037950283161362,0.7951893223170475,2.20301742601103,0.7007776058595115,0.01835847857183227,0.0,0.48759259178733244,0.08466930620212802,0.11679626772299818,1.207558383817702,0.44006519653017,0.757281504366376,0.010211683969961804,0.6811499893665314,0.6708690921465555,120.0,0.0,0.24166666666666667,8.0,6.0
141,val,4.229553108865565,4.229553108865565,0.0,3.4151232919909735,0.814429797232151,0.028459360865368086,0.0,0.0,0.0,0.13573829948224805,,,,,,,120.0,0.0,0.24166666666666667,8.0,6.0
142,train,3.788813536684812,2.9811733826220217,0.8076401644525907,2.278832283406447,0.7023410907396848,0.01899026899914676,0.0,0.4893749634242568,0.08600189664403962,0.11705684858952459,1.2066325683841648,0.4397090150311088,0.7556472548286485,0.011276301602471266,0.687898053762016,0.6778201015170561,120.0,0.0,0.24444444444444444,8.0,6.0
142,val,4.186877082694661,4.186877082694661,0.0,3.3657594323158264,0.8211176144805822,0.02804799530316483,0.0,0.0,0.0,0.13685293622653594,,,,,,,120.0,0.0,0.24444444444444444,8.0,6.0
143,train,3.695223177609458,2.8962051737199137,0.7990180082641974,2.1968064813074353,0.699398684301143,0.018306720662941808,0.0,0.48560247335594364,0.08487078581085081,0.11656644777466033,1.2096828490222267,0.4385275760557309,0.7600704472546184,0.011084829082581519,0.6890278808567503,0.6805241335787175,120.0,0.0,0.24722222222222223,8.0,6.0
143,val,4.2064695954322815,4.2064695954322815,0.0,3.3980556292967363,0.8084139769727533,0.02831713055175814,0.0,0.0,0.0,0.13473566240546378,,,,,,,120.0,0.0,0.24722222222222223,8.0,6.0
144,train,3.7176962237839306,2.9187772984898417,0.7989189296687415,2.220199510774117,0.6985777878068639,0.018501662549531422,0.0,0.48674988509682704,0.08465393226513987,0.11642963146443396,1.2088243314250164,0.4401063211831842,0.7571995124357556,0.011518493429999742,0.6873122327918306,0.6781773064114632,120.0,0.0,0.25,8.0,6.0
144,val,4.161140991882845,4.161140991882845,0.0,3.3484420505436985,0.812698966061527,0.02790368392809548,0.0,0.0,0.0,0.13544982874935324,,,,,,,120.0,0.0,0.25,8.0,6.0
145,train,3.743104802723689,2.93964965810105,0.8034551483593221,2.2410718324716665,0.6985778254471059,0.01867559857507,0.0,0.4861858452496543,0.08523858588086355,0.11642963760489718,1.2088844960253537,0.43751917483245195,0.7596408367521537,0.011724483220701302,0.6874170495647174,0.6783415121951963,120.0,0.0,0.25,8.0,6.0
145,val,4.447912977500395,4.447912977500395,0.0,3.6351560787721113,0.8127569068561901,0.030292967376722532,0.0,0.0,0.0,0.1354594841938127,,,,,,,120.0,0.0,0.25,8.0,6.0
146,train,3.725026370917621,2.921392718586353,0.8036336671868596,2.224031651603337,0.6973610666184615,0.018533597146346024,0.0,0.4849940514710336,0.0852981444038109,0.1162268440680584,1.2110848623678225,0.4379834500839222,0.761406754317269,0.011694655784288997,0.6856037424791843,0.6777169259680885,120.0,0.0,0.25,8.0,6.0
146,val,4.280891190875661,4.280891190875661,0.0,3.466729852286252,0.8141613568771969,0.028889415214176883,0.0,0.0,0.0,0.13569356069307437,,,,,,,120.0,0.0,0.25,8.0,6.0
147,train,3.649596002488326,2.8525049259903232,0.7970910723056268,2.1533879878324105,0.6991169325073195,0.01794489988179974,0.0,0.49082128270685854,0.08429821879127339,0.11651948888413038,1.2036326569519276,0.44056814599110083,0.750586689703326,0.012477821435861928,0.6831265423640563,0.674621994342279,120.0,0.0,0.25,8.0,6.0
147,val,4.220307764681903,4.220307764681903,0.0,3.406822990287434,0.8134847378188913,0.02839019151658497,0.0,0.0,0.0,0.1355807910757986,,,,,,,120.0,0.0,0.25,8.0,6.0
148,train,3.637572544430374,2.8368666788124526,0.8007058706305442,2.1425107506072485,0.6943559335823818,0.017854256290566483,0.0,0.4867417673816739,0.08487755372915246,0.11572598892659951,1.2085584839549632,0.4388838363896816,0.7594140336965567,0.010260613670783396,0.6907034632991943,0.6817475218291676,120.0,0.0,0.25,8.0,6.0
148,val,4.181246714158491,4.181246714158491,0.0,3.3704216236417945,0.8108250898393717,0.02808684694834731,0.0,0.0,0.0,0.13513751467689872,,,,,,,120.0,0.0,0.25,8.0,6.0
149,train,3.688866843506466,2.8846969396696176,0.8041699094874414,2.1867748453347327,0.697922086793166,0.018223123755932585,0.0,0.48734499509546003,0.08529170775723384,0.11632034753873625,1.2092710799033488,0.439617082795601,0.7593091225040798,0.010344878170889908,0.683312523346793,0.6740019025241198,120.0,0.0,0.25,8.0,6.0
149,val,4.209175212816759,4.209175212816759,0.0,3.381070101802999,0.8281051096591082,0.028175584294579246,0.0,0.0,0.0,0.13801751865751363,,,,,,,120.0,0.0,0.25,8.0,6.0
150,train,3.7158623605693153,2.9177681448262764,0.7980942116418016,2.221981283903851,0.6957868615603957,0.018516510702236713,0.0,0.4837326541406299,0.08464513105605173,0.11596447720394587,1.213096288912887,0.4394783864327527,0.7630451876635945,0.010572720105782585,0.6848869313705223,0.6763715054099348,120.0,0.0,0.25,8.0,6.0
150,val,4.663258048621091,4.663258048621091,0.0,3.8417906056750906,0.8214674019678072,0.032014921815557915,0.0,0.0,0.0,0.1369112335484136,,,,,,,120.0,0.0,0.25,8.0,6.0
151,train,3.6170426938876465,2.8220562867432926,0.7949864126126701,2.129879910829235,0.6921763736355925,0.017748999298302405,0.0,0.4886021684251429,0.0841044837591845,0.11536272888610122,1.2049504338054482,0.44039084249680194,0.755225078866387,0.009334512897952252,0.6832170957636761,0.6750643883094146,120.0,0.0,0.25,8.0,6.0
151,val,4.132223210551522,4.132223210551522,0.0,3.3169241087003187,0.8152990923686461,0.027641034028916198,0.0,0.0,0.0,0.1358831820332191,,,,,,,120.0,0.0,0.25,8.0,6.0
152,train,3.610201624190771,2.807457784993933,0.8027438509537175,2.1161641888662217,0.691293591844197,0.01763470157046748,0.0,0.4888349632057575,0.08506688873770588,0.11521559853437115,1.2045057866186906,0.4396717680521332,0.7547633404578638,0.010070679318772155,0.6915624901789044,0.6834839617987292,120.0,0.0,0.25,8.0,6.0
152,val,4.264042114669627,4.264042114669627,0.0,3.4486069868911398,0.8154351101680235,0.028738391500982372,0.0,0.0,0.0,0.13590585127134214,,,,,,,120.0,0.0,0.25,8.0,6.0
153,train,3.693938553880114,2.883630366318087,0.8103081966758868,2.1904506453680335,0.6931797176234948,0.01825375539116812,0.0,0.49044950265403187,0.08596197773762253,0.11552995323724703,1.202485013445583,0.43769422711217804,0.7561042585868719,0.008686532310583268,0.6981311376670815,0.6891558421861141,120.0,0.0,0.25,8.0,6.0
153,val,4.319288497621363,4.319288497621363,0.0,3.4980152140964162,0.821273281831633,0.02915012690407986,0.0,0.0,0.0,0.13687888139181517,,,,,,,120.0,0.0,0.25,8.0,6.0
154,train,3.6585125846600315,2.86227436823947,0.7962382127750175,2.165834041910434,0.6964403239594322,0.01804861703898974,0.0,0.48546626644397,0.08435895579898393,0.11607338736454646,1.2107398464409949,0.438968562751735,0.7609592390898899,0.010812047498004471,0.6888940709811102,0.6810336894945267,120.0,0.0,0.25,8.0,6.0
154,val,4.2963544509627605,4.2963544509627605,0.0,3.4716376906091515,0.8247167332605883,0.028930314160375434,0.0,0.0,0.0,0.1374527889049866,,,,,,,120.0,0.0,0.25,8.0,6.0
155,train,3.6239258699825414,2.8211379382953004,0.8027879274037271,2.1264638120610413,0.6946741215861901,0.01772053173774517,0.0,0.48957286241951337,0.08504933911726015,0.115779020427655,1.2068332054563984,0.44016714261941586,0.7578194793028934,0.008846582509135822,0.6885771797884495,0.6801265228414389,120.0,0.0,0.25,8.0,6.0
155,val,4.740952364423058,4.740952364423058,0.0,3.9154822067780928,0.8254701725461266,0.032629018162631175,0.0,0.0,0.0,0.13757836166769266,,,,,,,120.0,0.0,0.25,8.0,6.0
156,train,3.6048862569558144,2.802669027529725,0.8022172310665843,2.11131586248357,0.6913531747979855,0.01759429883627671,0.0,0.48885746332119,0.08500035837953426,0.11522552938362875,1.2036202037735453,0.43765738679363825,0.7555341152787574,0.010428702250829348,0.6972290332164239,0.6887855730290078,120.0,0.0,0.25,8.0,6.0
156,val,4.435783930800178,4.435783930800178,0.0,3.6124936884099785,0.8232902555980466,0.030104113996706226,0.0,0.0,0.0,0.13721504401076923,,,,,,,120.0,0.0,0.25,8.0,6.0
157,train,3.586672641086287,2.787152070882488,0.7995205656468686,2.0959797047693796,0.6911723625587032,0.017466497539175212,0.0,0.4919197353383452,0.0845675788683082,0.11519539407497152,1.1975874089684326,0.4386159684679924,0.7496812021878152,0.009290243013383144,0.7020446499553296,0.6940256681646412,120.0,0.0,0.25,8.0,6.0
157,val,4.258463203907013,4.258463203907013,0.0,3.4353758232160048,0.8230873640965332,0.028628131649880248,0.0,0.0,0.0,0.1371812270530923,,,,,,,120.0,0.0,0.25,8.0,6.0
158,train,3.572185703009276,2.772203339349239,0.7999823702220158,2.081168714466445,0.6910346292574471,0.01734307265216741,0.0,0.49036329601882794,0.08467394340247918,0.11517243820957453,1.201033200692693,0.4376964570914569,0.7536346756537026,0.009702067469767884,0.7000519775469368,0.6915462376145413,120.0,0.0,0.25,8.0,6.0
158,val,4.474821404977278,4.474821404977278,0.0,3.658696101470427,0.8161253282292322,0.03048913403075527,0.0,0.0,0.0,0.1360208871351047,,,,,,,120.0,0.0,0.25,8.0,6.0
159,train,3.627715921547799,2.8246083842869565,0.8031075365317342,2.1290710156481567,0.6955373756109028,0.01774225849943059,0.0,0.48807530264606536,0.0851360888644734,0.11592289604907371,1.2051049204776776,0.4376409285294536,0.7572585142898268,0.01020548089880166,0.6986107459855736,0.690540030826487,120.0,0.0,0.25,8.0,6.0
159,val,4.3963510610840535,4.3963510610840535,0.0,3.575677313587882,0.8206737471575086,0.029797310708090663,0.0,0.0,0.0,0.13677895831113512,,,,,,,120.0,0.0,0.25,8.0,6.0
160,train,3.570672455183957,2.7653440196944303,0.8053284423249213,2.076886520108681,0.6884575004971355,0.01730738761934483,0.0,0.48983635350104865,0.08535866915541687,0.11474291652167609,1.2009287135681246,0.4363463199284463,0.7550695713506926,0.00951281407939139,0.7032034298695555,0.6943628241162781,120.0,0.0,0.25,8.0,6.0
160,val,4.599757492542267,4.599757492542267,0.0,3.7731932157819923,0.8265642706643451,0.03144327659075233,0.0,0.0,0.0,0.13776071090251207,,,,,,,120.0,0.0,0.25,8.0,6.0
